Age,CityTier,DurationOfPitch,NumberOfPersonVisiting,NumberOfFollowups,PreferredPropertyStar,NumberOfTrips,Passport,PitchSatisfactionScore,OwnCar,NumberOfChildrenVisiting,MonthlyIncome,TypeofContact,Occupation,Gender,ProductPitched,MaritalStatus,Designation
34.0,1,9.0,2,4.0,3.0,4.0,0,1,0,0.0,17979.0,Company Invited,Salaried,Male,Basic,Married,Executive
32.0,1,6.0,3,3.0,4.0,2.0,0,3,0,0.0,21220.0,Self Enquiry,Salaried,Male,Deluxe,Divorced,Manager
30.0,3,11.0,2,3.0,3.0,3.0,0,4,1,1.0,24419.0,Self Enquiry,Salaried,Female,Standard,Divorced,Senior Manager
39.0,3,9.0,3,4.0,4.0,2.0,0,4,1,2.0,26029.0,Self Enquiry,Small Business,Male,Standard,Unmarried,Senior Manager
37.0,1,31.0,3,4.0,4.0,2.0,0,3,1,2.0,24352.0,Company Invited,Salaried,Female,Deluxe,Married,Manager
34.0,1,9.0,3,4.0,3.0,2.0,0,3,0,2.0,21178.0,Self Enquiry,Salaried,Male,Basic,Single,Executive
27.0,1,7.0,4,6.0,3.0,5.0,0,4,1,3.0,23042.0,Company Invited,Salaried,Female,Basic,Married,Executive
30.0,3,6.0,3,4.0,5.0,2.0,0,4,1,1.0,24714.0,Self Enquiry,Salaried,Male,Deluxe,Married,Manager
53.0,1,32.0,3,5.0,3.0,5.0,0,5,0,2.0,32504.0,Company Invited,Small Business,Female,Super Deluxe,Married,AVP
55.0,1,7.0,3,4.0,3.0,2.0,0,5,1,2.0,29180.0,Company Invited,Salaried,Female,Standard,Married,Senior Manager
46.0,1,6.0,2,4.0,5.0,3.0,1,2,1,1.0,25673.0,Company Invited,Small Business,Male,Standard,Divorced,Senior Manager
39.0,1,19.0,2,5.0,5.0,4.0,0,5,1,1.0,24966.0,Company Invited,Salaried,Male,Deluxe,Married,Manager
54.0,2,32.0,1,2.0,3.0,3.0,1,3,1,0.0,32328.0,Company Invited,Salaried,Female,Super Deluxe,Single,AVP
42.0,1,19.0,3,1.0,5.0,6.0,0,4,1,0.0,20538.0,Self Enquiry,Small Business,Male,Deluxe,Married,Manager
33.0,1,12.0,3,2.0,3.0,5.0,0,5,1,2.0,21990.0,Self Enquiry,Salaried,Female,Basic,Married,Executive
35.0,1,6.0,1,4.0,3.0,2.0,0,4,1,0.0,17859.0,Self Enquiry,Small Business,Male,Basic,Single,Executive
39.0,1,16.0,3,3.0,3.0,1.0,0,3,1,0.0,28464.0,Self Enquiry,Small Business,Male,Standard,Unmarried,Senior Manager
29.0,1,17.0,3,4.0,3.0,5.0,0,4,1,2.0,22338.0,Self Enquiry,Salaried,Female,Deluxe,Unmarried,Manager
23.0,1,11.0,3,5.0,3.0,7.0,0,5,1,1.0,22572.0,Company Invited,Large Business,Male,Basic,Unmarried,Executive
37.0,1,15.0,2,3.0,3.0,2.0,1,2,0,0.0,17326.0,Company Invited,Small Business,Male,Basic,Divorced,Executive
33.0,1,10.0,4,4.0,5.0,3.0,0,1,1,1.0,25403.0,Self Enquiry,Small Business,Female,Deluxe,Married,Manager
33.0,1,7.0,4,4.0,5.0,3.0,0,1,0,2.0,21634.0,Self Enquiry,Salaried,Male,Basic,Unmarried,Executive
50.0,1,25.0,4,4.0,3.0,3.0,1,1,0,1.0,25482.0,Company Invited,Salaried,Male,Deluxe,Married,Manager
42.0,1,6.0,2,4.0,3.0,1.0,1,3,0,0.0,21062.0,Self Enquiry,Salaried,Female,Deluxe,Married,Manager
43.0,1,33.0,3,4.0,5.0,5.0,1,3,0,1.0,31869.0,Company Invited,Small Business,Female,Standard,Married,Senior Manager
36.0,1,15.0,3,1.0,4.0,2.0,0,5,1,0.0,17810.0,Company Invited,Salaried,Male,Basic,Married,Executive
27.0,3,8.0,2,1.0,3.0,1.0,0,1,0,1.0,21500.0,Self Enquiry,Small Business,Female,Deluxe,Unmarried,Manager
29.0,3,16.0,4,4.0,3.0,3.0,0,3,1,2.0,23931.0,Self Enquiry,Salaried,Male,Deluxe,Unmarried,Manager
34.0,1,12.0,4,5.0,3.0,3.0,0,2,0,3.0,21589.0,Self Enquiry,Salaried,Female,Basic,Divorced,Executive
41.0,3,21.0,3,4.0,5.0,3.0,0,3,0,2.0,23317.0,Self Enquiry,Salaried,Female,Deluxe,Married,Manager
32.0,3,20.0,4,5.0,5.0,7.0,1,1,1,1.0,20980.0,Self Enquiry,Small Business,Male,Deluxe,Married,Manager
50.0,2,9.0,3,3.0,4.0,2.0,0,1,1,2.0,33200.0,Company Invited,Small Business,Male,King,Married,VP
24.0,3,30.0,2,3.0,3.0,1.0,0,4,1,1.0,17400.0,Company Invited,Small Business,Male,Basic,Married,Executive
43.0,1,7.0,3,5.0,3.0,2.0,1,3,0,1.0,24740.0,Self Enquiry,Salaried,Female,Deluxe,Married,Manager
39.0,1,16.0,3,3.0,5.0,3.0,0,5,1,2.0,20377.0,Self Enquiry,Small Business,Male,Deluxe,Married,Manager
55.0,1,6.0,2,3.0,5.0,1.0,1,1,1,1.0,34045.0,Self Enquiry,Small Business,Male,King,Single,VP
33.0,1,10.0,3,4.0,3.0,3.0,0,4,1,1.0,24887.0,Company Invited,Salaried,Female,Basic,Unmarried,Executive
34.0,3,23.0,4,4.0,5.0,4.0,1,5,0,1.0,27242.0,Self Enquiry,Salaried,Female,Standard,Unmarried,Senior Manager
25.0,1,25.0,3,4.0,3.0,2.0,0,4,0,1.0,21452.0,Self Enquiry,Salaried,Male,Basic,Married,Executive
30.0,1,24.0,3,3.0,3.0,2.0,0,1,1,2.0,17632.0,Self Enquiry,Salaried,Female,Basic,Single,Executive
32.0,3,12.0,3,4.0,4.0,3.0,0,3,0,1.0,21467.0,Company Invited,Small Business,Female,Basic,Married,Executive
34.0,1,12.0,4,4.0,4.0,8.0,0,3,1,3.0,30556.0,Company Invited,Salaried,Female,Standard,Divorced,Senior Manager
50.0,1,30.0,3,3.0,3.0,4.0,1,4,1,2.0,28973.0,Self Enquiry,Salaried,Male,Super Deluxe,Married,AVP
33.0,1,6.0,3,4.0,5.0,4.0,1,4,0,0.0,17799.0,Self Enquiry,Salaried,Male,Basic,Single,Executive
36.0,3,18.0,3,4.0,3.0,3.0,0,5,0,1.0,23646.0,Company Invited,Small Business,Male,Deluxe,Married,Manager
50.0,1,25.0,4,4.0,3.0,3.0,1,2,0,2.0,25482.0,Company Invited,Salaried,Male,Deluxe,Married,Manager
49.0,3,14.0,4,4.0,3.0,4.0,1,4,1,2.0,21333.0,Company Invited,Small Business,Female,Basic,Married,Executive
37.0,3,14.0,3,2.0,5.0,4.0,0,1,1,1.0,23317.0,Company Invited,Small Business,Female,Deluxe,Divorced,Manager
30.0,1,24.0,3,3.0,3.0,2.0,0,2,1,0.0,17632.0,Self Enquiry,Salaried,Female,Basic,Single,Executive
23.0,1,7.0,4,4.0,3.0,2.0,0,3,0,3.0,22053.0,Self Enquiry,Salaried,Male,Basic,Unmarried,Executive
34.0,1,33.0,3,3.0,4.0,3.0,0,3,0,0.0,17311.0,Self Enquiry,Small Business,Female,Basic,Single,Executive
52.0,3,28.0,4,4.0,3.0,2.0,1,5,0,3.0,24119.0,Self Enquiry,Small Business,Male,Deluxe,Unmarried,Manager
27.0,3,36.0,4,6.0,5.0,2.0,0,3,0,1.0,23647.0,Company Invited,Small Business,Male,Deluxe,Unmarried,Manager
40.0,3,30.0,3,1.0,4.0,5.0,1,3,1,2.0,28194.0,Company Invited,Salaried,Female,Super Deluxe,Unmarried,AVP
44.0,1,8.0,3,1.0,3.0,2.0,0,4,1,0.0,17011.0,Self Enquiry,Salaried,Female,Basic,Divorced,Executive
27.0,1,9.0,3,4.0,5.0,8.0,1,5,0,1.0,20720.0,Company Invited,Salaried,Male,Basic,Married,Executive
42.0,1,12.0,4,5.0,5.0,8.0,0,3,1,1.0,20785.0,Company Invited,Salaried,Male,Basic,Married,Executive
28.0,3,9.0,3,4.0,5.0,2.0,0,5,0,2.0,21719.0,Self Enquiry,Small Business,Male,Basic,Married,Executive
59.0,1,12.0,3,5.0,4.0,4.0,1,5,1,2.0,29230.0,Self Enquiry,Large Business,Female,Standard,Married,Senior Manager
40.0,3,28.0,3,5.0,3.0,5.0,1,1,0,2.0,24798.0,Self Enquiry,Salaried,Male,Deluxe,Divorced,Manager
29.0,2,7.0,3,4.0,3.0,3.0,0,4,0,2.0,21384.0,Company Invited,Salaried,Male,Basic,Married,Executive
35.0,1,15.0,3,4.0,5.0,5.0,0,5,1,1.0,23799.0,Self Enquiry,Salaried,Female,Deluxe,Married,Manager
34.0,2,15.0,2,3.0,3.0,2.0,0,1,1,0.0,17742.0,Self Enquiry,Large Business,Female,Basic,Divorced,Executive
36.0,1,10.0,2,4.0,3.0,2.0,0,5,1,1.0,20810.0,Self Enquiry,Salaried,Male,Deluxe,Single,Manager
41.0,1,16.0,3,4.0,5.0,5.0,0,2,1,0.0,32181.0,Company Invited,Salaried,Male,Super Deluxe,Married,AVP
46.0,1,6.0,2,4.0,5.0,3.0,1,1,1,1.0,25673.0,Company Invited,Small Business,Male,Standard,Married,Senior Manager
27.0,3,36.0,3,4.0,3.0,7.0,0,5,1,1.0,22984.0,Self Enquiry,Small Business,Male,Deluxe,Married,Manager
32.0,3,27.0,4,2.0,3.0,2.0,0,5,1,1.0,21469.0,Company Invited,Salaried,Male,Basic,Married,Executive
38.0,1,26.0,4,4.0,4.0,6.0,0,4,0,2.0,21700.0,Self Enquiry,Salaried,Male,Basic,Married,Executive
34.0,3,29.0,4,4.0,4.0,2.0,0,1,0,1.0,24824.0,Company Invited,Small Business,Male,Deluxe,Married,Manager
51.0,2,11.0,2,3.0,4.0,2.0,1,3,1,1.0,29026.0,Self Enquiry,Salaried,Male,Super Deluxe,Married,AVP
40.0,1,8.0,2,4.0,3.0,1.0,1,3,1,1.0,17342.0,Self Enquiry,Small Business,Female,Basic,Single,Executive
49.0,1,13.0,2,4.0,3.0,1.0,0,1,1,0.0,25965.0,Self Enquiry,Salaried,Male,Standard,Unmarried,Senior Manager
48.0,1,16.0,4,4.0,3.0,6.0,0,3,1,1.0,20783.0,Self Enquiry,Salaried,Female,Basic,Single,Executive
29.0,3,26.0,2,3.0,3.0,3.0,0,1,1,0.0,21931.0,Self Enquiry,Small Business,Male,Deluxe,Married,Manager
25.0,3,31.0,3,4.0,3.0,2.0,0,4,1,2.0,21078.0,Company Invited,Small Business,Male,Basic,Married,Executive
35.0,3,23.0,3,3.0,5.0,4.0,1,3,0,2.0,23966.0,Self Enquiry,Salaried,Male,Deluxe,Married,Manager
30.0,3,17.0,3,5.0,4.0,3.0,1,5,1,1.0,26946.0,Self Enquiry,Small Business,Female,Deluxe,Married,Manager
35.0,1,29.0,2,4.0,3.0,4.0,1,4,1,0.0,20916.0,Self Enquiry,Salaried,Male,Deluxe,Married,Manager
36.0,1,8.0,3,3.0,3.0,5.0,0,5,1,0.0,17543.0,Self Enquiry,Salaried,Female,Basic,Married,Executive
50.0,3,5.0,2,3.0,3.0,5.0,1,5,0,1.0,34331.0,Self Enquiry,Small Business,Male,King,Married,VP
44.0,3,32.0,4,5.0,3.0,7.0,0,4,1,2.0,29476.0,Self Enquiry,Small Business,Male,Standard,Married,Senior Manager
38.0,3,8.0,2,3.0,4.0,1.0,0,4,1,0.0,22351.0,Self Enquiry,Small Business,Male,Standard,Unmarried,Senior Manager
37.0,1,14.0,4,4.0,4.0,4.0,0,1,0,3.0,20691.0,Self Enquiry,Salaried,Male,Basic,Single,Executive
32.0,2,9.0,4,5.0,5.0,5.0,0,3,0,2.0,25088.0,Self Enquiry,Salaried,Male,Deluxe,Divorced,Manager
42.0,3,17.0,3,4.0,3.0,2.0,0,2,0,2.0,24908.0,Company Invited,Salaried,Male,Deluxe,Unmarried,Manager
50.0,1,34.0,3,2.0,3.0,2.0,1,2,1,2.0,18221.0,Self Enquiry,Small Business,Male,Basic,Divorced,Executive
25.0,1,14.0,3,4.0,3.0,3.0,1,4,0,1.0,21564.0,Company Invited,Salaried,Female,Basic,Married,Executive
19.0,1,15.0,2,3.0,5.0,2.0,0,3,0,0.0,17552.0,Self Enquiry,Salaried,Male,Basic,Single,Executive
41.0,3,17.0,4,5.0,4.0,4.0,0,4,0,1.0,28383.0,Self Enquiry,Small Business,Male,Standard,Married,Senior Manager
47.0,1,25.0,3,4.0,3.0,7.0,0,3,1,1.0,29205.0,Company Invited,Small Business,Female,Standard,Divorced,Senior Manager
32.0,3,27.0,3,4.0,3.0,3.0,0,2,1,1.0,25610.0,Company Invited,Small Business,Female,Deluxe,Divorced,Manager
44.0,3,34.0,2,1.0,3.0,4.0,1,2,1,1.0,28320.0,Self Enquiry,Small Business,Female,Super Deluxe,Divorced,AVP
51.0,3,15.0,3,4.0,4.0,2.0,0,2,1,1.0,22553.0,Self Enquiry,Small Business,Male,Basic,Divorced,Executive
37.0,1,7.0,2,4.0,3.0,2.0,0,1,0,0.0,21474.0,Self Enquiry,Salaried,Female,Deluxe,Married,Manager
36.0,1,7.0,4,5.0,5.0,3.0,0,1,0,3.0,21128.0,Self Enquiry,Small Business,Male,Basic,Single,Executive
30.0,1,15.0,4,6.0,5.0,3.0,1,3,1,2.0,20797.0,Self Enquiry,Salaried,Male,Basic,Divorced,Executive
43.0,3,21.0,4,5.0,3.0,2.0,0,3,1,1.0,24922.0,Self Enquiry,Small Business,Female,Deluxe,Unmarried,Manager
28.0,3,9.0,4,4.0,3.0,3.0,1,4,0,2.0,23156.0,Self Enquiry,Salaried,Male,Deluxe,Unmarried,Manager
33.0,1,9.0,3,5.0,5.0,6.0,0,4,0,2.0,20854.0,Self Enquiry,Large Business,Male,Deluxe,Single,Manager
35.0,1,28.0,3,2.0,4.0,1.0,0,5,1,1.0,26996.0,Self Enquiry,Salaried,Female,Standard,Married,Senior Manager
43.0,3,32.0,3,3.0,3.0,2.0,1,1,1,0.0,31959.0,Company Invited,Salaried,Male,Super Deluxe,Married,AVP
26.0,1,11.0,3,4.0,3.0,3.0,1,3,1,1.0,22369.0,Self Enquiry,Large Business,Male,Basic,Divorced,Executive
30.0,1,9.0,3,5.0,5.0,2.0,0,4,1,2.0,22017.0,Company Invited,Small Business,Male,Basic,Unmarried,Executive
29.0,3,20.0,3,4.0,3.0,5.0,1,5,1,2.0,28532.0,Self Enquiry,Small Business,Female,Deluxe,Unmarried,Manager
37.0,3,7.0,3,4.0,3.0,6.0,0,2,1,2.0,25331.0,Company Invited,Small Business,Female,Deluxe,Unmarried,Manager
47.0,1,7.0,3,5.0,5.0,4.0,1,1,1,2.0,29351.0,Company Invited,Small Business,Male,Standard,Married,Senior Manager
52.0,1,10.0,4,4.0,4.0,5.0,0,5,0,2.0,32412.0,Self Enquiry,Small Business,Female,Super Deluxe,Single,AVP
34.0,1,9.0,3,4.0,3.0,2.0,0,3,1,1.0,21178.0,Self Enquiry,Salaried,Male,Basic,Single,Executive
33.0,3,16.0,3,6.0,3.0,2.0,0,1,0,2.0,23346.0,Company Invited,Small Business,Male,Deluxe,Married,Manager
52.0,3,17.0,4,4.0,4.0,7.0,0,1,1,3.0,31820.0,Self Enquiry,Salaried,Female,Standard,Married,Senior Manager
35.0,1,6.0,3,3.0,5.0,5.0,0,2,0,1.0,17194.0,Company Invited,Small Business,Male,Basic,Divorced,Executive
26.0,1,29.0,2,3.0,3.0,2.0,0,3,0,0.0,17886.0,Self Enquiry,Salaried,Female,Basic,Married,Executive
53.0,1,15.0,3,5.0,4.0,4.0,0,2,1,2.0,23619.0,Self Enquiry,Small Business,Male,Deluxe,Divorced,Manager
47.0,1,25.0,3,4.0,3.0,7.0,0,3,0,2.0,29205.0,Company Invited,Small Business,Female,Standard,Married,Senior Manager
28.0,1,18.0,4,4.0,5.0,2.0,0,5,1,3.0,20777.0,Self Enquiry,Salaried,Male,Basic,Divorced,Executive
33.0,3,16.0,2,3.0,3.0,2.0,0,1,0,0.0,20487.0,Self Enquiry,Small Business,Male,Deluxe,Single,Manager
31.0,3,26.0,2,3.0,3.0,2.0,0,1,1,1.0,21932.0,Company Invited,Small Business,Female,Deluxe,Married,Manager
39.0,1,16.0,4,4.0,5.0,6.0,0,3,0,3.0,25571.0,Company Invited,Salaried,Male,Deluxe,Married,Manager
47.0,3,7.0,4,4.0,5.0,3.0,0,2,1,2.0,29131.0,Self Enquiry,Small Business,Female,Standard,Married,Senior Manager
34.0,1,6.0,2,3.0,3.0,2.0,0,3,1,1.0,17691.0,Self Enquiry,Salaried,Male,Basic,Married,Executive
28.0,1,18.0,3,3.0,3.0,2.0,1,4,1,0.0,17515.0,Self Enquiry,Salaried,Female,Basic,Divorced,Executive
33.0,1,7.0,4,4.0,4.0,3.0,0,3,0,1.0,24898.0,Self Enquiry,Salaried,Male,Deluxe,Divorced,Manager
39.0,3,14.0,3,3.0,5.0,3.0,1,3,0,1.0,24283.0,Self Enquiry,Small Business,Female,Deluxe,Married,Manager
31.0,1,6.0,3,1.0,4.0,2.0,0,3,1,2.0,22446.0,Company Invited,Salaried,Female,Standard,Unmarried,Senior Manager
30.0,1,16.0,2,5.0,3.0,2.0,0,2,1,1.0,22661.0,Self Enquiry,Salaried,Male,Basic,Unmarried,Executive
45.0,1,13.0,3,3.0,5.0,2.0,0,2,1,2.0,20210.0,Company Invited,Salaried,Male,Standard,Married,Senior Manager
32.0,1,7.0,4,5.0,5.0,3.0,0,4,0,1.0,20896.0,Self Enquiry,Salaried,Male,Basic,Divorced,Executive
42.0,1,8.0,2,4.0,5.0,1.0,1,4,1,1.0,17593.0,Self Enquiry,Small Business,Female,Basic,Married,Executive
52.0,1,11.0,3,4.0,3.0,2.0,1,1,0,1.0,21139.0,Self Enquiry,Salaried,Male,Basic,Married,Executive
34.0,1,6.0,3,1.0,3.0,3.0,0,1,1,1.0,18280.0,Self Enquiry,Salaried,Female,Basic,Single,Executive
35.0,1,12.0,3,5.0,5.0,4.0,0,2,0,1.0,30309.0,Self Enquiry,Small Business,Female,Standard,Single,Senior Manager
52.0,1,12.0,3,3.0,5.0,4.0,1,4,1,2.0,20577.0,Self Enquiry,Large Business,Male,Deluxe,Married,Manager
45.0,1,9.0,3,4.0,3.0,7.0,1,1,0,2.0,28887.0,Company Invited,Small Business,Male,Standard,Single,Senior Manager
28.0,1,10.0,4,5.0,3.0,3.0,1,1,0,3.0,21244.0,Company Invited,Small Business,Male,Basic,Married,Executive
42.0,1,25.0,2,2.0,3.0,7.0,1,3,1,1.0,17759.0,Company Invited,Small Business,Male,Basic,Married,Executive
59.0,1,9.0,3,5.0,3.0,2.0,1,1,1,1.0,21058.0,Company Invited,Salaried,Male,Basic,Married,Executive
37.0,1,13.0,3,4.0,3.0,2.0,0,5,1,2.0,21888.0,Self Enquiry,Salaried,Male,Basic,Married,Executive
47.0,1,15.0,4,5.0,5.0,2.0,1,1,1,3.0,23293.0,Self Enquiry,Salaried,Female,Deluxe,Married,Manager
59.0,1,20.0,2,3.0,3.0,1.0,1,5,1,0.0,25512.0,Company Invited,Salaried,Female,Standard,Unmarried,Senior Manager
44.0,3,11.0,3,5.0,3.0,5.0,0,3,1,1.0,28909.0,Self Enquiry,Small Business,Female,Standard,Single,Senior Manager
21.0,1,16.0,2,4.0,3.0,2.0,0,4,1,0.0,17625.0,Company Invited,Salaried,Female,Basic,Single,Executive
20.0,3,8.0,2,4.0,3.0,2.0,0,4,1,0.0,17044.0,Self Enquiry,Small Business,Female,Basic,Single,Executive
49.0,1,6.0,2,3.0,3.0,5.0,0,3,1,0.0,30379.0,Self Enquiry,Salaried,Male,Super Deluxe,Single,AVP
33.0,1,15.0,2,3.0,3.0,1.0,0,2,1,0.0,17781.0,Self Enquiry,Small Business,Male,Basic,Divorced,Executive
30.0,3,7.0,3,5.0,3.0,8.0,1,1,1,2.0,21478.0,Self Enquiry,Small Business,Female,Basic,Married,Executive
57.0,1,15.0,4,4.0,5.0,6.0,1,4,1,2.0,22935.0,Self Enquiry,Salaried,Female,Basic,Married,Executive
36.0,1,7.0,3,2.0,3.0,5.0,0,3,0,1.0,21184.0,Self Enquiry,Salaried,Female,Basic,Single,Executive
41.0,1,23.0,3,5.0,3.0,8.0,0,5,0,1.0,23772.0,Company Invited,Small Business,Male,Deluxe,Unmarried,Manager
32.0,3,8.0,3,3.0,5.0,2.0,0,3,1,0.0,17827.0,Company Invited,Salaried,Female,Basic,Married,Executive
55.0,1,26.0,2,3.0,3.0,4.0,1,1,0,0.0,20415.0,Self Enquiry,Large Business,Male,Deluxe,Married,Manager
46.0,1,7.0,4,4.0,3.0,5.0,0,5,0,2.0,20948.0,Self Enquiry,Small Business,Female,Basic,Married,Executive
33.0,1,9.0,2,3.0,3.0,2.0,1,5,1,1.0,17909.0,Company Invited,Salaried,Female,Basic,Divorced,Executive
22.0,1,17.0,3,5.0,5.0,3.0,0,3,0,2.0,20094.0,Self Enquiry,Salaried,Female,Basic,Single,Executive
33.0,3,8.0,3,3.0,3.0,2.0,0,3,1,1.0,20505.0,Self Enquiry,Small Business,Male,Deluxe,Married,Manager
46.0,3,8.0,3,5.0,4.0,4.0,1,5,1,0.0,31872.0,Self Enquiry,Large Business,Female,Super Deluxe,Married,AVP
47.0,3,9.0,4,6.0,4.0,5.0,1,5,1,1.0,35550.0,Self Enquiry,Large Business,Female,Super Deluxe,Married,AVP
31.0,3,6.0,2,3.0,4.0,2.0,1,5,1,1.0,17302.0,Company Invited,Salaried,Female,Basic,Single,Executive
38.0,1,35.0,2,3.0,3.0,4.0,0,1,0,0.0,21261.0,Self Enquiry,Large Business,Male,Deluxe,Married,Manager
26.0,3,16.0,4,5.0,5.0,5.0,0,1,1,1.0,23078.0,Self Enquiry,Salaried,Male,Basic,Divorced,Executive
59.0,1,9.0,2,1.0,5.0,5.0,1,1,0,1.0,17670.0,Self Enquiry,Small Business,Female,Basic,Married,Executive
32.0,1,12.0,3,4.0,3.0,2.0,1,4,0,2.0,23499.0,Self Enquiry,Large Business,Male,Basic,Divorced,Executive
37.0,3,16.0,3,5.0,5.0,2.0,0,2,0,1.0,22085.0,Self Enquiry,Salaried,Male,Deluxe,Unmarried,Manager
46.0,3,8.0,3,5.0,4.0,4.0,1,5,1,2.0,31872.0,Self Enquiry,Large Business,Female,Super Deluxe,Divorced,AVP
35.0,1,10.0,3,4.0,3.0,2.0,0,1,1,1.0,26434.0,Company Invited,Salaried,Male,Deluxe,Unmarried,Manager
36.0,3,17.0,3,5.0,5.0,2.0,0,5,1,2.0,28984.0,Self Enquiry,Small Business,Male,Standard,Married,Senior Manager
35.0,1,31.0,2,3.0,3.0,2.0,1,3,1,1.0,25388.0,Self Enquiry,Small Business,Female,Standard,Married,Senior Manager
34.0,1,13.0,2,3.0,4.0,1.0,0,5,0,0.0,26994.0,Self Enquiry,Salaried,Female,Standard,Unmarried,Senior Manager
27.0,1,23.0,3,4.0,4.0,4.0,1,1,1,1.0,21051.0,Self Enquiry,Small Business,Male,Basic,Married,Executive
41.0,1,25.0,2,3.0,5.0,3.0,0,1,0,0.0,18072.0,Self Enquiry,Salaried,Male,Deluxe,Married,Manager
54.0,2,25.0,2,3.0,4.0,3.0,0,3,1,1.0,25725.0,Self Enquiry,Small Business,Male,Standard,Married,Senior Manager
49.0,1,13.0,2,3.0,4.0,4.0,0,4,0,1.0,25466.0,Self Enquiry,Salaried,Male,Standard,Married,Senior Manager
37.0,1,15.0,3,4.0,3.0,3.0,0,4,1,2.0,28774.0,Self Enquiry,Large Business,Female,Standard,Married,Senior Manager
53.0,3,12.0,2,3.0,3.0,3.0,1,5,0,1.0,17306.0,Self Enquiry,Small Business,Male,Deluxe,Married,Manager
32.0,1,6.0,2,3.0,3.0,2.0,1,4,1,0.0,21162.0,Self Enquiry,Small Business,Male,Deluxe,Divorced,Manager
42.0,1,14.0,3,3.0,3.0,2.0,0,5,1,1.0,33430.0,Company Invited,Salaried,Male,King,Married,VP
36.0,1,11.0,3,5.0,3.0,3.0,0,2,1,1.0,21054.0,Company Invited,Salaried,Male,Basic,Divorced,Executive
50.0,1,14.0,3,5.0,3.0,2.0,0,1,1,1.0,29643.0,Self Enquiry,Salaried,Male,Standard,Single,Senior Manager
41.0,2,6.0,2,4.0,3.0,2.0,0,1,1,1.0,34189.0,Self Enquiry,Salaried,Male,King,Married,VP
36.0,3,7.0,4,4.0,4.0,3.0,0,4,0,1.0,25973.0,Self Enquiry,Small Business,Male,Standard,Married,Senior Manager
48.0,1,11.0,4,5.0,4.0,2.0,1,4,1,3.0,29011.0,Self Enquiry,Salaried,Female,Standard,Married,Senior Manager
31.0,1,14.0,3,4.0,3.0,3.0,0,5,1,2.0,22169.0,Self Enquiry,Salaried,Male,Deluxe,Married,Manager
29.0,1,16.0,3,3.0,4.0,1.0,0,5,1,0.0,18291.0,Company Invited,Salaried,Female,Basic,Married,Executive
47.0,3,33.0,3,1.0,3.0,5.0,1,4,0,1.0,21397.0,Company Invited,Salaried,Female,Deluxe,Unmarried,Manager
30.0,1,22.0,3,4.0,3.0,3.0,0,3,1,2.0,21018.0,Self Enquiry,Salaried,Male,Basic,Single,Executive
46.0,1,15.0,4,4.0,3.0,2.0,0,3,1,1.0,22375.0,Self Enquiry,Salaried,Male,Deluxe,Married,Manager
38.0,1,32.0,3,5.0,3.0,2.0,0,3,1,1.0,24409.0,Self Enquiry,Small Business,Female,Deluxe,Married,Manager
46.0,3,13.0,3,5.0,3.0,8.0,0,4,1,1.0,27543.0,Company Invited,Small Business,Female,Standard,Unmarried,Senior Manager
28.0,1,6.0,3,5.0,4.0,1.0,1,2,1,0.0,17216.0,Self Enquiry,Salaried,Female,Basic,Single,Executive
38.0,1,28.0,4,3.0,5.0,3.0,1,3,0,3.0,22242.0,Self Enquiry,Salaried,Male,Basic,Divorced,Executive
38.0,3,10.0,3,4.0,3.0,4.0,0,3,0,2.0,26106.0,Self Enquiry,Salaried,Male,Standard,Unmarried,Senior Manager
36.0,3,9.0,2,4.0,3.0,2.0,1,1,1,0.0,25325.0,Self Enquiry,Salaried,Male,Standard,Married,Senior Manager
44.0,1,14.0,3,4.0,5.0,2.0,0,5,1,1.0,28663.0,Self Enquiry,Salaried,Female,Standard,Divorced,Senior Manager
31.0,1,15.0,2,4.0,4.0,1.0,1,3,1,0.0,17657.0,Self Enquiry,Salaried,Male,Basic,Single,Executive
40.0,1,7.0,4,4.0,3.0,2.0,0,3,1,1.0,20910.0,Self Enquiry,Small Business,Female,Basic,Married,Executive
22.0,1,17.0,3,5.0,5.0,3.0,0,3,1,1.0,20094.0,Self Enquiry,Salaried,Female,Basic,Single,Executive
28.0,1,6.0,2,3.0,3.0,1.0,1,4,0,0.0,17154.0,Company Invited,Small Business,Male,Basic,Single,Executive
39.0,1,13.0,4,5.0,3.0,4.0,0,4,1,2.0,23999.0,Company Invited,Salaried,Male,Deluxe,Married,Manager
39.0,3,14.0,3,2.0,5.0,3.0,1,3,1,2.0,24283.0,Self Enquiry,Small Business,Female,Deluxe,Married,Manager
36.0,1,32.0,4,5.0,4.0,5.0,0,3,1,2.0,29581.0,Self Enquiry,Large Business,Male,Standard,Married,Senior Manager
30.0,3,22.0,3,3.0,3.0,1.0,0,3,0,2.0,20301.0,Self Enquiry,Salaried,Male,Deluxe,Divorced,Manager
42.0,1,14.0,3,2.0,3.0,3.0,0,3,0,1.0,22054.0,Self Enquiry,Large Business,Female,Basic,Married,Executive
26.0,1,8.0,2,3.0,5.0,7.0,1,5,0,0.0,17042.0,Company Invited,Salaried,Male,Basic,Married,Executive
20.0,1,17.0,3,4.0,5.0,2.0,1,3,1,2.0,17600.0,Self Enquiry,Small Business,Female,Basic,Single,Executive
39.0,3,17.0,3,4.0,3.0,3.0,1,3,0,2.0,24344.0,Company Invited,Large Business,Female,Deluxe,Unmarried,Manager
33.0,3,31.0,2,4.0,4.0,3.0,1,5,1,0.0,23380.0,Self Enquiry,Small Business,Male,Standard,Unmarried,Senior Manager
31.0,1,10.0,3,4.0,5.0,7.0,1,4,1,2.0,21335.0,Self Enquiry,Large Business,Female,Basic,Unmarried,Executive
38.0,1,32.0,3,5.0,3.0,2.0,0,3,0,2.0,24409.0,Self Enquiry,Small Business,Female,Deluxe,Married,Manager
45.0,1,36.0,3,4.0,3.0,3.0,0,5,1,2.0,23219.0,Self Enquiry,Salaried,Male,Deluxe,Unmarried,Manager
28.0,1,16.0,3,4.0,4.0,3.0,0,3,1,1.0,20957.0,Self Enquiry,Small Business,Female,Basic,Single,Executive
27.0,1,14.0,4,2.0,5.0,2.0,0,1,1,1.0,22256.0,Self Enquiry,Salaried,Male,Basic,Unmarried,Executive
44.0,3,22.0,3,5.0,3.0,5.0,0,5,1,1.0,25482.0,Company Invited,Salaried,Male,Deluxe,Married,Manager
25.0,3,25.0,2,4.0,4.0,2.0,1,1,0,1.0,17413.0,Self Enquiry,Small Business,Male,Basic,Married,Executive
33.0,1,8.0,3,3.0,3.0,5.0,0,3,0,2.0,17496.0,Self Enquiry,Small Business,Male,Basic,Single,Executive
35.0,3,10.0,2,3.0,5.0,1.0,1,4,1,1.0,24582.0,Self Enquiry,Large Business,Male,Standard,Unmarried,Senior Manager
41.0,3,29.0,4,5.0,3.0,4.0,1,3,1,1.0,25058.0,Self Enquiry,Small Business,Male,Deluxe,Married,Manager
26.0,1,23.0,3,5.0,3.0,2.0,0,3,0,2.0,17305.0,Self Enquiry,Small Business,Male,Basic,Married,Executive
39.0,1,19.0,3,5.0,5.0,4.0,0,5,1,1.0,24966.0,Company Invited,Salaried,Male,Deluxe,Married,Manager
30.0,1,14.0,3,1.0,5.0,1.0,1,1,0,2.0,26416.0,Self Enquiry,Salaried,Female,Standard,Married,Senior Manager
45.0,1,31.0,3,6.0,3.0,4.0,0,3,0,2.0,22386.0,Company Invited,Small Business,Male,Basic,Unmarried,Executive
51.0,1,17.0,2,4.0,4.0,4.0,0,1,0,1.0,28142.0,Self Enquiry,Large Business,Female,Super Deluxe,Unmarried,AVP
50.0,1,6.0,3,3.0,4.0,4.0,1,1,0,2.0,33172.0,Company Invited,Salaried,Female,King,Married,VP
34.0,1,25.0,2,4.0,3.0,2.0,0,4,1,1.0,17929.0,Self Enquiry,Salaried,Female,Basic,Married,Executive
27.0,1,13.0,2,4.0,5.0,1.0,0,3,1,0.0,21811.0,Self Enquiry,Small Business,Female,Deluxe,Unmarried,Manager
46.0,1,13.0,1,3.0,3.0,3.0,0,5,1,0.0,20258.0,Company Invited,Small Business,Female,Deluxe,Married,Manager
29.0,3,33.0,2,3.0,3.0,2.0,0,3,1,1.0,22639.0,Self Enquiry,Small Business,Female,Standard,Divorced,Senior Manager
21.0,1,18.0,4,5.0,5.0,3.0,1,3,0,2.0,21278.0,Self Enquiry,Small Business,Female,Basic,Unmarried,Executive
32.0,1,9.0,3,3.0,5.0,2.0,0,2,1,1.0,21725.0,Self Enquiry,Small Business,Female,Deluxe,Divorced,Manager
40.0,3,34.0,2,5.0,5.0,4.0,0,5,0,1.0,25932.0,Company Invited,Salaried,Male,Standard,Married,Senior Manager
22.0,1,25.0,4,4.0,3.0,3.0,0,3,1,2.0,21371.0,Self Enquiry,Salaried,Female,Basic,Unmarried,Executive
50.0,1,8.0,1,3.0,5.0,3.0,0,3,1,0.0,32856.0,Company Invited,Small Business,Female,Super Deluxe,Divorced,AVP
23.0,1,14.0,4,4.0,4.0,3.0,1,3,1,1.0,21150.0,Self Enquiry,Salaried,Male,Basic,Single,Executive
53.0,1,6.0,3,4.0,4.0,2.0,0,3,1,2.0,29123.0,Self Enquiry,Salaried,Male,Standard,Single,Senior Manager
54.0,1,23.0,2,3.0,3.0,1.0,0,5,0,0.0,25739.0,Self Enquiry,Large Business,Female,Standard,Married,Senior Manager
28.0,1,16.0,5,4.0,4.0,3.0,0,3,0,2.0,20957.0,Self Enquiry,Small Business,Female,Basic,Single,Executive
18.0,3,15.0,2,3.0,3.0,2.0,0,5,0,1.0,16611.0,Self Enquiry,Small Business,Male,Basic,Single,Executive
36.0,1,29.0,2,1.0,3.0,5.0,0,3,0,0.0,17571.0,Company Invited,Small Business,Male,Deluxe,Married,Manager
27.0,1,9.0,2,3.0,3.0,2.0,0,2,1,0.0,16706.0,Company Invited,Small Business,Male,Basic,Divorced,Executive
36.0,1,13.0,3,6.0,3.0,3.0,0,5,1,1.0,25324.0,Self Enquiry,Salaried,Male,Deluxe,Unmarried,Manager
46.0,3,9.0,2,3.0,3.0,4.0,0,1,1,0.0,32465.0,Self Enquiry,Small Business,Male,Super Deluxe,Married,AVP
36.0,3,25.0,3,4.0,3.0,3.0,0,4,1,2.0,23279.0,Self Enquiry,Small Business,Female,Deluxe,Married,Manager
31.0,3,22.0,3,3.0,3.0,3.0,0,5,1,0.0,23161.0,Self Enquiry,Small Business,Male,Standard,Married,Senior Manager
55.0,3,8.0,2,3.0,3.0,5.0,0,1,1,0.0,20160.0,Self Enquiry,Small Business,Male,Deluxe,Single,Manager
52.0,1,7.0,2,5.0,5.0,5.0,0,2,1,1.0,26162.0,Company Invited,Small Business,Female,Standard,Unmarried,Senior Manager
35.0,1,13.0,3,4.0,3.0,3.0,0,3,1,1.0,23487.0,Self Enquiry,Salaried,Female,Deluxe,Unmarried,Manager
41.0,3,9.0,4,4.0,4.0,5.0,0,3,1,2.0,24355.0,Self Enquiry,Small Business,Female,Deluxe,Married,Manager
34.0,1,35.0,2,3.0,3.0,5.0,0,3,0,0.0,20429.0,Self Enquiry,Small Business,Male,Deluxe,Divorced,Manager
29.0,3,33.0,3,5.0,5.0,3.0,0,4,1,1.0,23402.0,Self Enquiry,Salaried,Male,Deluxe,Divorced,Manager
34.0,1,7.0,3,5.0,3.0,2.0,0,4,0,1.0,25627.0,Self Enquiry,Salaried,Female,Deluxe,Unmarried,Manager
41.0,3,16.0,2,5.0,4.0,2.0,0,1,1,0.0,21151.0,Company Invited,Small Business,Male,Deluxe,Single,Manager
41.0,3,23.0,4,4.0,3.0,4.0,0,5,0,2.0,22222.0,Self Enquiry,Small Business,Male,Standard,Married,Senior Manager
49.0,1,16.0,2,3.0,5.0,1.0,1,3,0,0.0,33665.0,Company Invited,Salaried,Female,King,Single,VP
40.0,1,14.0,2,4.0,4.0,3.0,0,1,1,1.0,28757.0,Company Invited,Small Business,Male,Standard,Married,Senior Manager
29.0,1,15.0,3,1.0,3.0,7.0,0,5,1,0.0,17451.0,Self Enquiry,Salaried,Male,Basic,Married,Executive
29.0,1,8.0,2,4.0,5.0,1.0,0,4,1,1.0,18339.0,Company Invited,Small Business,Male,Basic,Single,Executive
54.0,3,9.0,3,5.0,4.0,4.0,0,1,1,1.0,26203.0,Company Invited,Small Business,Female,Standard,Married,Senior Manager
38.0,1,21.0,4,4.0,5.0,3.0,0,4,1,1.0,21712.0,Self Enquiry,Salaried,Female,Basic,Married,Executive
21.0,1,13.0,4,5.0,3.0,3.0,1,2,1,2.0,21604.0,Company Invited,Salaried,Female,Basic,Unmarried,Executive
35.0,1,9.0,3,5.0,5.0,3.0,0,1,1,1.0,23059.0,Self Enquiry,Small Business,Female,Basic,Unmarried,Executive
30.0,1,21.0,3,4.0,3.0,2.0,1,5,1,1.0,26231.0,Company Invited,Salaried,Female,Standard,Unmarried,Senior Manager
32.0,3,14.0,4,4.0,5.0,4.0,0,1,1,3.0,28315.0,Company Invited,Small Business,Female,Standard,Married,Senior Manager
50.0,3,6.0,3,3.0,3.0,4.0,0,1,1,0.0,34517.0,Self Enquiry,Small Business,Female,King,Married,VP
38.0,1,8.0,2,3.0,3.0,2.0,1,5,1,1.0,16702.0,Company Invited,Salaried,Male,Basic,Divorced,Executive
31.0,3,23.0,4,4.0,3.0,2.0,0,3,0,3.0,23979.0,Self Enquiry,Salaried,Male,Deluxe,Divorced,Manager
57.0,1,30.0,2,1.0,3.0,4.0,1,4,1,0.0,24439.0,Self Enquiry,Salaried,Male,Standard,Married,Senior Manager
25.0,1,9.0,2,3.0,5.0,5.0,0,5,1,0.0,16118.0,Self Enquiry,Salaried,Male,Basic,Married,Executive
19.0,1,31.0,2,1.0,3.0,2.0,1,5,1,0.0,17994.0,Self Enquiry,Salaried,Female,Basic,Single,Executive
37.0,1,18.0,4,5.0,4.0,3.0,0,4,1,2.0,25177.0,Company Invited,Salaried,Male,Deluxe,Unmarried,Manager
44.0,1,9.0,2,3.0,3.0,5.0,1,1,0,1.0,34513.0,Self Enquiry,Salaried,Male,King,Married,VP
32.0,3,14.0,3,5.0,3.0,5.0,0,4,1,2.0,21007.0,Self Enquiry,Salaried,Male,Basic,Divorced,Executive
26.0,3,33.0,3,4.0,3.0,3.0,0,4,0,1.0,24858.0,Self Enquiry,Small Business,Female,Deluxe,Unmarried,Manager
45.0,1,7.0,4,2.0,5.0,4.0,0,3,1,3.0,23711.0,Self Enquiry,Salaried,Male,Deluxe,Married,Manager
50.0,1,7.0,3,5.0,3.0,2.0,1,3,1,1.0,32642.0,Self Enquiry,Large Business,Female,Super Deluxe,Single,AVP
22.0,1,25.0,3,3.0,3.0,2.0,0,1,1,0.0,17323.0,Self Enquiry,Small Business,Male,Basic,Married,Executive
38.0,2,6.0,2,1.0,3.0,2.0,0,4,1,0.0,17844.0,Self Enquiry,Salaried,Male,Basic,Married,Executive
29.0,1,15.0,2,3.0,3.0,1.0,0,5,1,1.0,17974.0,Self Enquiry,Small Business,Female,Basic,Married,Executive
58.0,1,7.0,4,2.0,3.0,2.0,0,3,1,3.0,23578.0,Self Enquiry,Salaried,Male,Deluxe,Divorced,Manager
43.0,3,33.0,4,4.0,4.0,7.0,0,3,1,2.0,32203.0,Company Invited,Small Business,Female,Super Deluxe,Married,AVP
27.0,1,31.0,4,6.0,3.0,3.0,1,3,0,2.0,21018.0,Self Enquiry,Large Business,Male,Basic,Single,Executive
31.0,1,7.0,3,4.0,3.0,3.0,0,3,1,1.0,22689.0,Company Invited,Small Business,Female,Deluxe,Unmarried,Manager
30.0,2,20.0,3,5.0,5.0,6.0,1,5,1,2.0,21013.0,Self Enquiry,Salaried,Male,Basic,Married,Executive
30.0,1,15.0,3,6.0,5.0,5.0,0,1,0,1.0,28393.0,Self Enquiry,Salaried,Female,Deluxe,Married,Manager
41.0,1,16.0,3,4.0,4.0,2.0,1,4,0,2.0,22295.0,Company Invited,Small Business,Male,Basic,Married,Executive
34.0,1,22.0,3,4.0,3.0,2.0,1,5,1,1.0,32288.0,Self Enquiry,Small Business,Male,Standard,Married,Senior Manager
50.0,3,18.0,4,4.0,3.0,5.0,0,4,0,2.0,23185.0,Self Enquiry,Small Business,Female,Deluxe,Unmarried,Manager
36.0,1,30.0,3,5.0,3.0,5.0,1,4,1,2.0,24594.0,Self Enquiry,Salaried,Male,Deluxe,Divorced,Manager
50.0,1,15.0,4,5.0,4.0,3.0,0,3,1,3.0,23808.0,Company Invited,Salaried,Male,Deluxe,Divorced,Manager
46.0,1,12.0,3,6.0,5.0,3.0,1,3,1,1.0,24447.0,Self Enquiry,Small Business,Female,Deluxe,Unmarried,Manager
27.0,1,7.0,4,6.0,3.0,5.0,0,4,1,1.0,23042.0,Company Invited,Salaried,Female,Basic,Married,Executive
31.0,1,35.0,4,4.0,3.0,3.0,0,3,1,3.0,24453.0,Self Enquiry,Small Business,Female,Deluxe,Married,Manager
20.0,3,15.0,2,3.0,3.0,2.0,1,4,0,0.0,17323.0,Company Invited,Small Business,Female,Basic,Single,Executive
36.0,1,30.0,4,6.0,3.0,2.0,0,1,1,1.0,21383.0,Self Enquiry,Small Business,Male,Basic,Married,Executive
33.0,3,7.0,3,4.0,3.0,3.0,0,5,1,1.0,29100.0,Self Enquiry,Small Business,Female,Standard,Married,Senior Manager
31.0,3,12.0,3,4.0,3.0,4.0,0,4,1,2.0,28097.0,Self Enquiry,Salaried,Female,Standard,Married,Senior Manager
33.0,1,11.0,4,5.0,3.0,3.0,0,4,1,2.0,24840.0,Self Enquiry,Salaried,Female,Deluxe,Married,Manager
31.0,1,21.0,3,3.0,3.0,2.0,0,4,1,2.0,17610.0,Company Invited,Small Business,Male,Basic,Divorced,Executive
42.0,3,27.0,4,4.0,4.0,3.0,1,4,0,2.0,21818.0,Self Enquiry,Small Business,Female,Basic,Unmarried,Executive
28.0,1,15.0,3,3.0,3.0,2.0,0,2,1,1.0,17070.0,Self Enquiry,Small Business,Male,Basic,Divorced,Executive
54.0,3,7.0,3,4.0,5.0,2.0,0,1,1,2.0,27059.0,Self Enquiry,Small Business,Female,Deluxe,Unmarried,Manager
44.0,3,9.0,4,4.0,3.0,3.0,0,3,1,3.0,24353.0,Company Invited,Salaried,Male,Deluxe,Married,Manager
30.0,3,10.0,4,4.0,3.0,3.0,0,2,0,1.0,24239.0,Self Enquiry,Small Business,Female,Deluxe,Divorced,Manager
41.0,3,8.0,2,3.0,4.0,2.0,0,3,1,1.0,31015.0,Self Enquiry,Salaried,Male,Super Deluxe,Single,AVP
29.0,3,29.0,2,4.0,5.0,2.0,0,3,1,1.0,22336.0,Self Enquiry,Salaried,Female,Standard,Married,Senior Manager
52.0,1,9.0,3,6.0,4.0,7.0,0,2,0,1.0,24160.0,Self Enquiry,Small Business,Male,Deluxe,Married,Manager
30.0,1,34.0,4,4.0,3.0,6.0,0,2,1,1.0,23013.0,Self Enquiry,Small Business,Female,Deluxe,Divorced,Manager
29.0,3,20.0,3,4.0,4.0,7.0,0,3,1,1.0,22545.0,Company Invited,Large Business,Female,Deluxe,Unmarried,Manager
33.0,1,11.0,2,4.0,3.0,5.0,0,3,0,0.0,22119.0,Self Enquiry,Salaried,Male,Standard,Married,Senior Manager
29.0,3,7.0,3,5.0,3.0,3.0,1,1,0,1.0,25512.0,Company Invited,Salaried,Male,Deluxe,Married,Manager
43.0,1,35.0,3,5.0,3.0,2.0,0,3,0,2.0,23201.0,Company Invited,Large Business,Female,Deluxe,Married,Manager
32.0,1,10.0,3,4.0,3.0,3.0,0,4,1,2.0,22762.0,Company Invited,Salaried,Female,Basic,Unmarried,Executive
18.0,1,20.0,2,3.0,3.0,2.0,0,5,1,0.0,16514.0,Company Invited,Small Business,Female,Basic,Single,Executive
33.0,1,17.0,2,4.0,3.0,4.0,0,1,0,1.0,29922.0,Self Enquiry,Small Business,Male,Standard,Single,Senior Manager
39.0,1,12.0,2,4.0,5.0,5.0,0,4,1,0.0,24991.0,Self Enquiry,Small Business,Male,Standard,Married,Senior Manager
50.0,1,28.0,2,5.0,3.0,2.0,1,1,1,1.0,29411.0,Company Invited,Small Business,Male,Super Deluxe,Single,AVP
49.0,1,16.0,2,3.0,5.0,1.0,1,3,0,1.0,33665.0,Company Invited,Salaried,Female,King,Single,VP
37.0,1,7.0,3,4.0,4.0,2.0,0,5,0,1.0,23906.0,Self Enquiry,Salaried,Female,Deluxe,Divorced,Manager
59.0,1,8.0,3,4.0,3.0,4.0,1,5,0,2.0,28726.0,Self Enquiry,Salaried,Female,Super Deluxe,Single,AVP
35.0,1,12.0,3,5.0,5.0,4.0,0,1,1,2.0,30309.0,Self Enquiry,Small Business,Female,Standard,Single,Senior Manager
38.0,1,7.0,3,4.0,3.0,6.0,0,5,1,1.0,26169.0,Self Enquiry,Large Business,Female,Standard,Unmarried,Senior Manager
52.0,1,18.0,3,5.0,4.0,5.0,0,1,0,2.0,31820.0,Self Enquiry,Large Business,Female,Super Deluxe,Single,AVP
36.0,1,18.0,3,4.0,3.0,2.0,1,5,0,1.0,21338.0,Self Enquiry,Small Business,Male,Basic,Married,Executive
32.0,1,36.0,4,5.0,4.0,2.0,0,3,1,3.0,22157.0,Company Invited,Small Business,Male,Basic,Unmarried,Executive
23.0,1,11.0,4,5.0,3.0,7.0,0,5,0,1.0,22572.0,Company Invited,Large Business,Male,Basic,Unmarried,Executive
28.0,1,14.0,3,3.0,3.0,2.0,0,4,1,1.0,18310.0,Self Enquiry,Salaried,Female,Basic,Single,Executive
31.0,1,9.0,3,3.0,3.0,1.0,0,4,1,0.0,28675.0,Company Invited,Small Business,Male,Standard,Married,Senior Manager
44.0,1,14.0,3,1.0,3.0,3.0,1,3,1,0.0,17818.0,Self Enquiry,Salaried,Male,Basic,Married,Executive
39.0,1,6.0,2,1.0,3.0,1.0,0,3,1,0.0,24613.0,Self Enquiry,Small Business,Male,Standard,Married,Senior Manager
44.0,2,6.0,2,3.0,3.0,5.0,1,3,1,0.0,18195.0,Self Enquiry,Salaried,Female,Basic,Married,Executive
33.0,1,13.0,3,4.0,3.0,5.0,0,1,0,2.0,21716.0,Self Enquiry,Salaried,Male,Basic,Unmarried,Executive
39.0,1,8.0,2,3.0,3.0,1.0,0,3,1,0.0,27169.0,Company Invited,Salaried,Male,Super Deluxe,Married,AVP
34.0,1,16.0,3,4.0,3.0,2.0,0,2,1,1.0,21459.0,Self Enquiry,Small Business,Male,Basic,Divorced,Executive
32.0,3,12.0,3,4.0,4.0,3.0,0,3,0,2.0,21467.0,Company Invited,Small Business,Female,Basic,Married,Executive
43.0,1,19.0,3,4.0,4.0,2.0,0,1,1,2.0,21444.0,Self Enquiry,Small Business,Male,Basic,Married,Executive
42.0,1,9.0,4,5.0,3.0,4.0,1,1,0,1.0,25489.0,Company Invited,Salaried,Female,Deluxe,Unmarried,Manager
34.0,3,15.0,3,4.0,3.0,2.0,0,1,0,1.0,25782.0,Self Enquiry,Small Business,Male,Deluxe,Married,Manager
34.0,2,9.0,3,4.0,3.0,3.0,0,2,0,1.0,22278.0,Self Enquiry,Salaried,Male,Basic,Divorced,Executive
50.0,3,18.0,3,4.0,3.0,3.0,0,4,0,1.0,26332.0,Self Enquiry,Small Business,Female,Standard,Married,Senior Manager
43.0,3,22.0,3,3.0,3.0,6.0,1,3,0,1.0,31064.0,Self Enquiry,Small Business,Female,Super Deluxe,Divorced,AVP
31.0,1,13.0,2,3.0,3.0,4.0,0,3,1,0.0,20915.0,Self Enquiry,Salaried,Male,Deluxe,Married,Manager
37.0,1,6.0,2,4.0,3.0,2.0,0,2,1,1.0,21474.0,Self Enquiry,Salaried,Female,Deluxe,Divorced,Manager
26.0,1,6.0,2,3.0,4.0,2.0,0,5,1,1.0,21397.0,Company Invited,Salaried,Female,Deluxe,Married,Manager
38.0,1,17.0,3,4.0,5.0,2.0,1,3,1,2.0,21460.0,Self Enquiry,Salaried,Female,Basic,Married,Executive
58.0,1,7.0,3,4.0,3.0,4.0,0,3,1,2.0,25433.0,Self Enquiry,Small Business,Male,Deluxe,Divorced,Manager
45.0,3,12.0,2,4.0,3.0,7.0,0,4,1,0.0,23865.0,Company Invited,Small Business,Female,Standard,Unmarried,Senior Manager
52.0,1,10.0,4,4.0,4.0,5.0,0,5,1,2.0,32412.0,Self Enquiry,Small Business,Female,Super Deluxe,Single,AVP
30.0,1,26.0,3,4.0,3.0,6.0,0,5,1,1.0,22940.0,Self Enquiry,Large Business,Male,Deluxe,Married,Manager
33.0,1,10.0,3,4.0,3.0,5.0,0,1,1,1.0,29837.0,Self Enquiry,Salaried,Female,Standard,Single,Senior Manager
56.0,1,9.0,4,4.0,4.0,5.0,0,1,0,2.0,29654.0,Company Invited,Salaried,Male,Standard,Married,Senior Manager
39.0,1,22.0,4,5.0,3.0,2.0,1,5,1,2.0,30188.0,Self Enquiry,Salaried,Male,Standard,Married,Senior Manager
37.0,1,8.0,4,6.0,5.0,4.0,1,1,1,1.0,28930.0,Self Enquiry,Large Business,Female,Standard,Married,Senior Manager
21.0,1,16.0,2,4.0,5.0,2.0,0,3,0,1.0,16416.0,Self Enquiry,Salaried,Female,Basic,Single,Executive
29.0,3,6.0,2,3.0,3.0,2.0,0,3,1,0.0,22918.0,Company Invited,Small Business,Female,Standard,Divorced,Senior Manager
26.0,1,12.0,3,1.0,3.0,1.0,0,4,1,1.0,17544.0,Company Invited,Salaried,Male,Basic,Married,Executive
43.0,1,12.0,2,4.0,3.0,1.0,0,3,1,1.0,34392.0,Self Enquiry,Small Business,Female,King,Married,VP
31.0,1,14.0,3,4.0,3.0,3.0,0,5,1,2.0,22169.0,Self Enquiry,Salaried,Male,Deluxe,Married,Manager
40.0,1,10.0,2,3.0,3.0,2.0,0,5,0,1.0,34033.0,Self Enquiry,Small Business,Female,King,Divorced,VP
39.0,2,9.0,4,4.0,4.0,7.0,0,3,1,3.0,21270.0,Company Invited,Salaried,Male,Basic,Married,Executive
40.0,1,20.0,2,4.0,3.0,2.0,0,3,1,1.0,34626.0,Self Enquiry,Small Business,Male,King,Single,VP
32.0,1,27.0,4,4.0,3.0,5.0,0,3,1,1.0,28502.0,Company Invited,Salaried,Male,Standard,Married,Senior Manager
23.0,1,33.0,3,5.0,3.0,3.0,1,3,0,1.0,21492.0,Company Invited,Salaried,Female,Basic,Married,Executive
30.0,1,9.0,4,4.0,4.0,2.0,0,4,1,1.0,21381.0,Self Enquiry,Salaried,Male,Basic,Married,Executive
32.0,3,14.0,3,5.0,3.0,2.0,0,3,1,1.0,30235.0,Self Enquiry,Salaried,Male,Standard,Married,Senior Manager
35.0,1,14.0,3,4.0,4.0,2.0,0,5,0,1.0,30672.0,Self Enquiry,Salaried,Female,Standard,Single,Senior Manager
30.0,1,14.0,4,5.0,3.0,8.0,0,5,1,1.0,21210.0,Self Enquiry,Small Business,Female,Basic,Married,Executive
43.0,1,18.0,2,4.0,4.0,2.0,0,3,1,1.0,29336.0,Self Enquiry,Salaried,Male,Super Deluxe,Married,AVP
34.0,1,9.0,2,3.0,3.0,1.0,0,1,1,0.0,22756.0,Company Invited,Salaried,Male,Deluxe,Unmarried,Manager
41.0,3,26.0,3,3.0,4.0,2.0,1,4,0,2.0,18140.0,Self Enquiry,Small Business,Female,Basic,Single,Executive
35.0,3,5.0,3,3.0,5.0,2.0,0,4,0,0.0,24069.0,Company Invited,Salaried,Male,Standard,Married,Senior Manager
60.0,3,34.0,3,4.0,5.0,5.0,0,2,1,0.0,25266.0,Company Invited,Small Business,Female,Standard,Divorced,Senior Manager
39.0,1,9.0,3,4.0,3.0,3.0,1,5,1,1.0,20380.0,Company Invited,Salaried,Male,Basic,Married,Executive
27.0,1,7.0,3,5.0,3.0,3.0,1,4,0,1.0,21611.0,Self Enquiry,Salaried,Female,Basic,Married,Executive
39.0,3,8.0,2,1.0,3.0,1.0,0,2,1,1.0,22880.0,Self Enquiry,Salaried,Male,Standard,Unmarried,Senior Manager
38.0,1,18.0,1,4.0,5.0,3.0,0,5,1,0.0,21288.0,Company Invited,Salaried,Male,Deluxe,Married,Manager
42.0,3,13.0,4,4.0,3.0,5.0,1,1,0,1.0,32269.0,Self Enquiry,Salaried,Female,Standard,Single,Senior Manager
32.0,3,14.0,3,5.0,3.0,2.0,0,3,1,1.0,30235.0,Self Enquiry,Salaried,Male,Standard,Married,Senior Manager
46.0,3,15.0,3,4.0,3.0,2.0,0,5,1,2.0,24619.0,Self Enquiry,Small Business,Male,Standard,Unmarried,Senior Manager
26.0,1,16.0,3,4.0,5.0,5.0,0,1,1,1.0,20774.0,Self Enquiry,Salaried,Male,Basic,Single,Executive
42.0,1,23.0,2,2.0,5.0,4.0,1,2,0,0.0,21545.0,Self Enquiry,Salaried,Female,Deluxe,Unmarried,Manager
53.0,1,11.0,2,3.0,3.0,5.0,0,5,0,1.0,34094.0,Self Enquiry,Salaried,Female,King,Married,VP
44.0,1,13.0,2,4.0,3.0,4.0,0,4,0,0.0,25248.0,Self Enquiry,Small Business,Female,Standard,Married,Senior Manager
43.0,1,9.0,4,5.0,3.0,5.0,0,1,1,1.0,25459.0,Self Enquiry,Salaried,Male,Deluxe,Unmarried,Manager
38.0,1,9.0,4,5.0,3.0,7.0,0,2,0,2.0,23841.0,Company Invited,Salaried,Male,Deluxe,Married,Manager
35.0,3,14.0,3,3.0,3.0,2.0,0,3,0,0.0,17572.0,Self Enquiry,Salaried,Female,Basic,Divorced,Executive
21.0,1,21.0,3,3.0,3.0,2.0,0,5,1,1.0,16232.0,Self Enquiry,Salaried,Male,Basic,Single,Executive
30.0,3,8.0,3,3.0,4.0,2.0,0,3,1,2.0,17476.0,Self Enquiry,Large Business,Male,Basic,Divorced,Executive
44.0,1,17.0,3,5.0,3.0,3.0,0,3,0,1.0,23935.0,Company Invited,Salaried,Female,Deluxe,Married,Manager
33.0,1,13.0,3,4.0,3.0,5.0,0,2,0,2.0,21716.0,Self Enquiry,Salaried,Male,Basic,Unmarried,Executive
29.0,3,15.0,2,5.0,4.0,2.0,0,1,1,1.0,17760.0,Self Enquiry,Small Business,Female,Basic,Single,Executive
36.0,3,24.0,4,4.0,5.0,5.0,1,3,0,3.0,27644.0,Self Enquiry,Salaried,Male,Deluxe,Married,Manager
38.0,1,18.0,2,4.0,5.0,3.0,0,5,1,0.0,21288.0,Company Invited,Salaried,Male,Deluxe,Married,Manager
41.0,3,6.0,3,3.0,3.0,1.0,1,4,0,2.0,20993.0,Self Enquiry,Salaried,Female,Deluxe,Single,Manager
20.0,1,17.0,4,5.0,4.0,3.0,1,5,1,2.0,20537.0,Company Invited,Small Business,Female,Basic,Single,Executive
29.0,3,12.0,3,4.0,5.0,2.0,0,1,1,1.0,27141.0,Self Enquiry,Small Business,Male,Deluxe,Unmarried,Manager
29.0,1,7.0,3,5.0,4.0,3.0,0,4,0,1.0,21274.0,Company Invited,Small Business,Male,Basic,Married,Executive
38.0,1,15.0,3,3.0,5.0,5.0,0,3,0,2.0,21893.0,Company Invited,Salaried,Male,Deluxe,Married,Manager
37.0,1,6.0,2,3.0,3.0,2.0,0,1,1,0.0,17115.0,Self Enquiry,Salaried,Female,Basic,Single,Executive
43.0,1,8.0,3,1.0,3.0,2.0,0,1,1,2.0,17645.0,Self Enquiry,Small Business,Female,Basic,Married,Executive
31.0,1,13.0,2,4.0,3.0,2.0,0,1,1,0.0,23943.0,Company Invited,Salaried,Female,Standard,Married,Senior Manager
33.0,1,12.0,4,4.0,4.0,4.0,0,3,1,2.0,21396.0,Company Invited,Large Business,Male,Basic,Unmarried,Executive
55.0,1,8.0,2,5.0,3.0,5.0,0,4,1,1.0,34187.0,Self Enquiry,Small Business,Female,King,Divorced,VP
27.0,3,14.0,2,3.0,4.0,2.0,0,1,0,1.0,21214.0,Self Enquiry,Small Business,Female,Deluxe,Married,Manager
30.0,3,17.0,3,4.0,4.0,3.0,0,1,1,1.0,20975.0,Self Enquiry,Small Business,Male,Basic,Married,Executive
33.0,1,34.0,3,3.0,3.0,2.0,1,1,1,0.0,20207.0,Self Enquiry,Salaried,Male,Deluxe,Married,Manager
37.0,1,17.0,3,4.0,5.0,2.0,1,5,1,2.0,26999.0,Self Enquiry,Salaried,Male,Standard,Married,Senior Manager
53.0,1,10.0,3,5.0,3.0,4.0,1,1,1,1.0,26647.0,Self Enquiry,Small Business,Male,Standard,Married,Senior Manager
27.0,1,12.0,3,5.0,3.0,3.0,1,1,0,2.0,21044.0,Company Invited,Small Business,Female,Basic,Married,Executive
48.0,3,9.0,4,5.0,3.0,3.0,1,1,0,1.0,21972.0,Self Enquiry,Salaried,Female,Basic,Unmarried,Executive
36.0,1,28.0,3,4.0,3.0,3.0,1,3,0,2.0,22692.0,Self Enquiry,Salaried,Female,Deluxe,Divorced,Manager
36.0,1,9.0,1,3.0,4.0,5.0,0,4,1,0.0,17088.0,Company Invited,Small Business,Male,Basic,Single,Executive
36.0,1,11.0,3,5.0,3.0,3.0,0,1,1,2.0,21054.0,Company Invited,Salaried,Male,Basic,Married,Executive
55.0,1,8.0,3,3.0,4.0,4.0,0,1,0,1.0,25976.0,Company Invited,Salaried,Male,Standard,Married,Senior Manager
47.0,1,25.0,3,4.0,3.0,4.0,0,5,0,1.0,23488.0,Self Enquiry,Small Business,Female,Deluxe,Married,Manager
37.0,3,9.0,4,4.0,3.0,5.0,1,3,0,1.0,21322.0,Self Enquiry,Salaried,Male,Basic,Unmarried,Executive
33.0,1,9.0,4,4.0,4.0,3.0,0,4,0,2.0,21048.0,Self Enquiry,Small Business,Female,Basic,Married,Executive
25.0,1,24.0,3,5.0,3.0,3.0,0,3,0,1.0,23055.0,Self Enquiry,Small Business,Female,Deluxe,Married,Manager
35.0,1,14.0,4,6.0,3.0,3.0,1,5,1,2.0,24752.0,Company Invited,Salaried,Male,Deluxe,Unmarried,Manager
30.0,2,13.0,3,5.0,4.0,3.0,0,3,1,2.0,21482.0,Self Enquiry,Small Business,Male,Basic,Married,Executive
31.0,3,11.0,2,3.0,4.0,2.0,0,3,0,1.0,17789.0,Company Invited,Small Business,Female,Basic,Married,Executive
40.0,1,16.0,4,4.0,4.0,2.0,0,1,1,1.0,25460.0,Company Invited,Salaried,Male,Deluxe,Unmarried,Manager
25.0,1,24.0,4,4.0,4.0,3.0,0,1,1,3.0,20888.0,Self Enquiry,Salaried,Female,Basic,Married,Executive
48.0,3,10.0,3,4.0,3.0,2.0,1,5,1,2.0,32448.0,Company Invited,Small Business,Female,Super Deluxe,Married,AVP
54.0,3,31.0,4,4.0,5.0,8.0,1,3,1,3.0,29126.0,Self Enquiry,Salaried,Male,Standard,Single,Senior Manager
45.0,1,15.0,2,3.0,4.0,1.0,0,4,1,0.0,17348.0,Self Enquiry,Salaried,Male,Deluxe,Married,Manager
40.0,3,10.0,3,4.0,3.0,6.0,1,4,1,2.0,23916.0,Self Enquiry,Small Business,Female,Deluxe,Divorced,Manager
53.0,1,6.0,2,4.0,3.0,5.0,1,1,0,0.0,27965.0,Company Invited,Small Business,Female,Super Deluxe,Married,AVP
36.0,1,13.0,4,4.0,3.0,2.0,1,3,1,2.0,22184.0,Self Enquiry,Salaried,Male,Basic,Divorced,Executive
29.0,1,35.0,3,5.0,3.0,1.0,0,5,1,2.0,21384.0,Self Enquiry,Salaried,Male,Deluxe,Married,Manager
40.0,3,32.0,3,3.0,5.0,2.0,0,2,1,1.0,23396.0,Self Enquiry,Small Business,Male,Deluxe,Divorced,Manager
35.0,1,17.0,3,4.0,3.0,3.0,1,3,1,1.0,22493.0,Company Invited,Small Business,Male,Basic,Married,Executive
41.0,3,8.0,2,3.0,4.0,2.0,0,3,1,0.0,31015.0,Self Enquiry,Salaried,Male,Super Deluxe,Single,AVP
46.0,3,8.0,3,3.0,3.0,5.0,1,3,0,2.0,25368.0,Self Enquiry,Salaried,Male,Standard,Married,Senior Manager
43.0,1,7.0,4,4.0,5.0,5.0,0,3,1,2.0,21254.0,Self Enquiry,Salaried,Female,Basic,Married,Executive
24.0,1,33.0,3,4.0,3.0,3.0,0,2,1,2.0,21582.0,Self Enquiry,Salaried,Male,Basic,Married,Executive
54.0,3,13.0,3,4.0,3.0,4.0,1,5,0,2.0,20984.0,Self Enquiry,Small Business,Male,Deluxe,Married,Manager
27.0,3,14.0,2,3.0,4.0,2.0,0,2,0,0.0,21214.0,Self Enquiry,Small Business,Female,Deluxe,Divorced,Manager
29.0,1,29.0,2,3.0,3.0,1.0,0,3,0,0.0,17201.0,Self Enquiry,Salaried,Male,Basic,Single,Executive
26.0,3,6.0,2,3.0,3.0,2.0,0,5,0,1.0,20296.0,Self Enquiry,Salaried,Male,Deluxe,Married,Manager
27.0,1,7.0,3,4.0,4.0,3.0,0,5,0,2.0,25075.0,Company Invited,Salaried,Female,Deluxe,Married,Manager
38.0,1,9.0,2,3.0,3.0,4.0,0,3,1,1.0,17821.0,Company Invited,Salaried,Male,Basic,Divorced,Executive
57.0,1,6.0,3,1.0,3.0,1.0,0,3,1,2.0,19900.0,Self Enquiry,Salaried,Male,Deluxe,Divorced,Manager
35.0,3,9.0,3,4.0,3.0,3.0,0,5,0,2.0,24952.0,Self Enquiry,Salaried,Male,Deluxe,Unmarried,Manager
39.0,1,9.0,3,4.0,3.0,2.0,0,1,1,2.0,25231.0,Self Enquiry,Salaried,Male,Deluxe,Married,Manager
51.0,1,9.0,3,3.0,4.0,4.0,0,5,0,1.0,28734.0,Self Enquiry,Small Business,Female,Super Deluxe,Single,AVP
51.0,1,17.0,4,5.0,3.0,8.0,0,5,1,2.0,29174.0,Self Enquiry,Large Business,Male,Standard,Single,Senior Manager
29.0,3,11.0,3,4.0,3.0,3.0,0,1,0,1.0,22899.0,Company Invited,Small Business,Male,Deluxe,Married,Manager
29.0,1,21.0,3,5.0,3.0,1.0,1,5,1,1.0,17168.0,Self Enquiry,Salaried,Female,Basic,Married,Executive
31.0,3,11.0,3,3.0,3.0,2.0,0,1,0,2.0,20476.0,Self Enquiry,Salaried,Female,Deluxe,Married,Manager
50.0,3,14.0,2,3.0,3.0,4.0,1,5,1,0.0,21796.0,Company Invited,Large Business,Male,Deluxe,Divorced,Manager
31.0,1,16.0,3,5.0,3.0,3.0,0,4,1,2.0,20884.0,Self Enquiry,Small Business,Male,Basic,Single,Executive
33.0,1,9.0,3,4.0,4.0,6.0,0,4,1,2.0,23561.0,Self Enquiry,Small Business,Male,Deluxe,Married,Manager
26.0,1,31.0,2,5.0,3.0,2.0,0,1,0,0.0,17293.0,Self Enquiry,Salaried,Male,Basic,Single,Executive
33.0,3,22.0,3,3.0,5.0,6.0,0,3,1,0.0,20324.0,Self Enquiry,Small Business,Female,Deluxe,Single,Manager
36.0,1,8.0,3,3.0,3.0,5.0,0,5,1,0.0,17543.0,Self Enquiry,Salaried,Female,Basic,Divorced,Executive
33.0,1,7.0,3,4.0,3.0,3.0,1,4,1,2.0,24840.0,Self Enquiry,Small Business,Male,Deluxe,Married,Manager
27.0,1,23.0,2,3.0,4.0,1.0,1,4,1,0.0,18058.0,Self Enquiry,Large Business,Male,Basic,Divorced,Executive
35.0,1,13.0,3,5.0,4.0,8.0,0,3,0,2.0,23183.0,Self Enquiry,Salaried,Female,Deluxe,Married,Manager
57.0,1,6.0,2,3.0,3.0,3.0,0,3,0,1.0,21755.0,Self Enquiry,Small Business,Male,Deluxe,Married,Manager
47.0,3,17.0,4,5.0,3.0,4.0,1,1,0,1.0,27749.0,Self Enquiry,Small Business,Female,Standard,Married,Senior Manager
38.0,1,29.0,2,3.0,3.0,1.0,0,3,0,1.0,20745.0,Self Enquiry,Salaried,Male,Deluxe,Married,Manager
37.0,1,10.0,3,4.0,4.0,3.0,0,3,0,2.0,22370.0,Company Invited,Large Business,Male,Basic,Married,Executive
35.0,1,9.0,3,5.0,5.0,8.0,0,4,0,2.0,24635.0,Self Enquiry,Salaried,Male,Deluxe,Married,Manager
58.0,1,8.0,3,4.0,3.0,1.0,0,5,0,0.0,17372.0,Self Enquiry,Large Business,Female,Standard,Married,Senior Manager
46.0,3,9.0,2,3.0,4.0,1.0,0,4,1,0.0,31606.0,Self Enquiry,Salaried,Female,Super Deluxe,Divorced,AVP
42.0,3,18.0,2,3.0,5.0,1.0,1,5,1,1.0,28758.0,Company Invited,Salaried,Male,Super Deluxe,Single,AVP
45.0,1,31.0,3,6.0,3.0,4.0,0,3,0,1.0,22386.0,Company Invited,Small Business,Male,Basic,Unmarried,Executive
32.0,3,6.0,2,3.0,3.0,2.0,0,5,1,0.0,25422.0,Self Enquiry,Small Business,Female,Standard,Married,Senior Manager
22.0,1,25.0,4,4.0,3.0,3.0,0,3,1,3.0,21371.0,Self Enquiry,Salaried,Female,Basic,Unmarried,Executive
35.0,1,10.0,2,4.0,3.0,2.0,0,1,1,1.0,17376.0,Company Invited,Salaried,Male,Basic,Married,Executive
44.0,1,16.0,3,3.0,3.0,2.0,1,3,1,2.0,17936.0,Self Enquiry,Salaried,Male,Basic,Single,Executive
33.0,1,6.0,3,3.0,3.0,2.0,1,2,1,0.0,28458.0,Company Invited,Salaried,Female,Standard,Unmarried,Senior Manager
44.0,1,8.0,3,1.0,3.0,2.0,0,4,1,2.0,17011.0,Self Enquiry,Salaried,Female,Basic,Married,Executive
47.0,1,28.0,4,4.0,4.0,6.0,0,3,1,3.0,27604.0,Self Enquiry,Small Business,Female,Deluxe,Married,Manager
40.0,2,9.0,3,5.0,3.0,2.0,0,3,0,1.0,23882.0,Self Enquiry,Salaried,Female,Deluxe,Divorced,Manager
43.0,1,10.0,4,2.0,3.0,4.0,1,5,0,1.0,23909.0,Self Enquiry,Salaried,Female,Deluxe,Divorced,Manager
34.0,3,6.0,3,1.0,3.0,1.0,0,5,1,2.0,24725.0,Self Enquiry,Small Business,Male,Deluxe,Married,Manager
40.0,1,16.0,4,4.0,4.0,22.0,0,2,1,1.0,25460.0,Company Invited,Salaried,Male,Deluxe,Unmarried,Manager
37.0,1,25.0,2,3.0,3.0,4.0,0,1,0,0.0,20768.0,Self Enquiry,Salaried,Male,Deluxe,Married,Manager
32.0,3,12.0,4,4.0,3.0,3.0,0,1,0,3.0,24154.0,Self Enquiry,Salaried,Female,Deluxe,Married,Manager
36.0,1,14.0,3,4.0,3.0,5.0,0,3,0,2.0,28899.0,Self Enquiry,Salaried,Male,Standard,Single,Senior Manager
39.0,1,10.0,3,4.0,3.0,5.0,0,3,1,1.0,21499.0,Company Invited,Salaried,Male,Basic,Married,Executive
37.0,1,6.0,1,3.0,3.0,3.0,1,3,0,0.0,28603.0,Company Invited,Small Business,Female,Standard,Married,Senior Manager
29.0,1,26.0,4,5.0,5.0,3.0,0,3,1,2.0,21874.0,Self Enquiry,Small Business,Male,Basic,Married,Executive
43.0,1,9.0,3,5.0,5.0,2.0,1,4,1,2.0,21271.0,Self Enquiry,Small Business,Female,Basic,Married,Executive
39.0,1,11.0,3,4.0,3.0,2.0,0,5,0,1.0,21984.0,Self Enquiry,Small Business,Female,Basic,Married,Executive
32.0,3,11.0,2,3.0,4.0,2.0,0,3,1,1.0,21524.0,Company Invited,Salaried,Male,Deluxe,Married,Manager
28.0,3,6.0,3,3.0,3.0,4.0,0,3,1,0.0,17909.0,Company Invited,Large Business,Male,Basic,Divorced,Executive
48.0,1,26.0,2,3.0,3.0,5.0,0,2,0,0.0,17259.0,Self Enquiry,Small Business,Male,Basic,Divorced,Executive
35.0,3,34.0,3,4.0,3.0,1.0,0,4,1,2.0,17430.0,Self Enquiry,Salaried,Female,Basic,Married,Executive
31.0,3,17.0,4,5.0,3.0,3.0,0,1,0,2.0,25256.0,Self Enquiry,Small Business,Male,Deluxe,Married,Manager
40.0,3,31.0,2,4.0,4.0,3.0,1,5,0,1.0,24094.0,Self Enquiry,Small Business,Male,Standard,Unmarried,Senior Manager
25.0,1,16.0,3,5.0,4.0,3.0,0,5,0,2.0,21372.0,Company Invited,Salaried,Male,Basic,Married,Executive
49.0,3,36.0,4,4.0,3.0,5.0,0,4,0,1.0,31182.0,Self Enquiry,Small Business,Female,Standard,Divorced,Senior Manager
42.0,3,16.0,4,4.0,3.0,5.0,1,2,0,2.0,26867.0,Self Enquiry,Salaried,Male,Standard,Married,Senior Manager
42.0,3,17.0,3,6.0,4.0,3.0,0,1,1,1.0,24829.0,Company Invited,Small Business,Male,Deluxe,Unmarried,Manager
21.0,1,6.0,3,4.0,4.0,2.0,1,5,0,2.0,17070.0,Self Enquiry,Large Business,Female,Basic,Single,Executive
45.0,3,7.0,3,4.0,5.0,2.0,0,4,1,2.0,33061.0,Self Enquiry,Salaried,Male,Deluxe,Married,Manager
36.0,1,35.0,3,2.0,3.0,3.0,0,5,1,1.0,22085.0,Self Enquiry,Salaried,Male,Deluxe,Married,Manager
39.0,1,18.0,3,3.0,4.0,5.0,0,3,1,1.0,20295.0,Self Enquiry,Small Business,Male,Deluxe,Married,Manager
31.0,3,16.0,2,3.0,3.0,3.0,1,1,0,0.0,21583.0,Self Enquiry,Small Business,Female,Deluxe,Married,Manager
38.0,1,6.0,2,3.0,3.0,5.0,1,2,0,1.0,22861.0,Self Enquiry,Salaried,Female,Standard,Unmarried,Senior Manager
52.0,1,6.0,3,3.0,3.0,3.0,0,2,1,1.0,32099.0,Self Enquiry,Salaried,Male,Super Deluxe,Divorced,AVP
33.0,1,6.0,3,3.0,3.0,2.0,1,1,1,0.0,28458.0,Company Invited,Salaried,Female,Standard,Unmarried,Senior Manager
21.0,1,6.0,3,4.0,4.0,2.0,1,5,1,1.0,17070.0,Self Enquiry,Large Business,Female,Basic,Single,Executive
33.0,1,8.0,2,3.0,3.0,1.0,0,3,0,1.0,17500.0,Self Enquiry,Salaried,Male,Basic,Single,Executive
33.0,1,9.0,3,4.0,3.0,6.0,1,5,1,2.0,23676.0,Company Invited,Salaried,Female,Deluxe,Unmarried,Manager
23.0,1,12.0,3,3.0,4.0,3.0,1,4,0,1.0,21006.0,Self Enquiry,Salaried,Male,Basic,Married,Executive
36.0,1,32.0,4,5.0,4.0,5.0,0,3,1,2.0,29581.0,Self Enquiry,Large Business,Male,Standard,Divorced,Senior Manager
51.0,3,32.0,3,3.0,3.0,3.0,0,3,0,1.0,31307.0,Self Enquiry,Small Business,Female,Super Deluxe,Divorced,AVP
23.0,1,10.0,3,5.0,3.0,2.0,1,3,0,2.0,21531.0,Company Invited,Salaried,Male,Basic,Married,Executive
40.0,3,8.0,2,3.0,4.0,1.0,0,2,0,1.0,20715.0,Self Enquiry,Small Business,Female,Deluxe,Married,Manager
41.0,1,8.0,2,5.0,3.0,5.0,1,3,0,0.0,17778.0,Self Enquiry,Salaried,Female,Basic,Married,Executive
43.0,1,12.0,4,4.0,3.0,6.0,0,3,1,1.0,20771.0,Company Invited,Salaried,Male,Basic,Divorced,Executive
46.0,1,27.0,4,4.0,3.0,2.0,1,3,0,1.0,32174.0,Self Enquiry,Small Business,Male,Super Deluxe,Divorced,AVP
34.0,1,28.0,2,4.0,3.0,2.0,1,1,1,0.0,20747.0,Company Invited,Salaried,Male,Deluxe,Married,Manager
30.0,3,10.0,3,4.0,4.0,2.0,1,3,1,0.0,20209.0,Self Enquiry,Small Business,Female,Deluxe,Married,Manager
44.0,1,30.0,2,3.0,3.0,4.0,1,5,0,1.0,18161.0,Company Invited,Salaried,Male,Basic,Married,Executive
39.0,1,24.0,4,5.0,3.0,2.0,0,2,0,3.0,27501.0,Self Enquiry,Salaried,Female,Standard,Divorced,Senior Manager
51.0,1,9.0,2,3.0,3.0,3.0,0,4,1,1.0,28116.0,Self Enquiry,Large Business,Female,Standard,Married,Senior Manager
29.0,1,7.0,4,6.0,4.0,2.0,1,1,1,3.0,20894.0,Self Enquiry,Salaried,Female,Basic,Single,Executive
32.0,1,10.0,4,4.0,3.0,2.0,0,4,1,3.0,32353.0,Company Invited,Small Business,Male,Standard,Married,Senior Manager
57.0,1,15.0,4,4.0,5.0,6.0,1,4,1,2.0,22935.0,Self Enquiry,Salaried,Female,Basic,Married,Executive
28.0,3,19.0,2,3.0,3.0,4.0,1,5,1,1.0,24854.0,Self Enquiry,Small Business,Female,Deluxe,Unmarried,Manager
20.0,3,8.0,2,3.0,3.0,2.0,0,4,0,0.0,17783.0,Self Enquiry,Small Business,Female,Basic,Single,Executive
34.0,1,28.0,4,2.0,4.0,3.0,0,1,1,2.0,20706.0,Self Enquiry,Small Business,Male,Basic,Married,Executive
40.0,1,9.0,4,4.0,3.0,2.0,0,1,1,3.0,29616.0,Company Invited,Large Business,Female,Standard,Single,Senior Manager
27.0,1,9.0,3,2.0,3.0,3.0,0,3,1,2.0,24150.0,Self Enquiry,Small Business,Male,Deluxe,Divorced,Manager
31.0,1,21.0,3,3.0,3.0,2.0,0,4,1,0.0,17610.0,Company Invited,Small Business,Male,Basic,Married,Executive
44.0,1,9.0,2,3.0,3.0,5.0,1,2,1,0.0,34513.0,Self Enquiry,Salaried,Male,King,Divorced,VP
43.0,1,16.0,4,5.0,3.0,2.0,0,1,1,2.0,38291.0,Self Enquiry,Salaried,Male,King,Single,VP
37.0,1,10.0,2,3.0,3.0,1.0,1,5,1,1.0,17996.0,Self Enquiry,Salaried,Male,Basic,Divorced,Executive
27.0,3,35.0,4,4.0,4.0,3.0,0,3,1,1.0,24950.0,Self Enquiry,Small Business,Male,Deluxe,Divorced,Manager
31.0,1,15.0,2,4.0,5.0,1.0,1,3,0,1.0,17321.0,Company Invited,Small Business,Male,Basic,Single,Executive
47.0,1,14.0,2,4.0,3.0,4.0,0,5,0,1.0,23936.0,Company Invited,Small Business,Female,Deluxe,Divorced,Manager
32.0,1,11.0,4,2.0,3.0,2.0,0,5,1,3.0,22656.0,Self Enquiry,Small Business,Female,Basic,Married,Executive
56.0,1,15.0,3,4.0,3.0,4.0,1,3,1,2.0,33434.0,Self Enquiry,Small Business,Female,Super Deluxe,Married,AVP
46.0,3,9.0,4,4.0,4.0,2.0,0,5,1,1.0,23483.0,Self Enquiry,Salaried,Male,Deluxe,Divorced,Manager
35.0,3,15.0,4,2.0,3.0,3.0,0,1,0,3.0,25477.0,Self Enquiry,Large Business,Male,Deluxe,Married,Manager
32.0,3,9.0,4,4.0,3.0,6.0,1,5,1,2.0,25260.0,Self Enquiry,Salaried,Male,Deluxe,Unmarried,Manager
37.0,1,10.0,2,4.0,4.0,6.0,0,4,1,1.0,20766.0,Company Invited,Small Business,Male,Basic,Single,Executive
33.0,3,11.0,3,4.0,4.0,4.0,0,3,1,2.0,22609.0,Self Enquiry,Salaried,Female,Basic,Married,Executive
33.0,3,14.0,2,4.0,3.0,1.0,0,2,1,1.0,17342.0,Company Invited,Salaried,Female,Basic,Single,Executive
34.0,3,6.0,3,4.0,3.0,2.0,1,1,1,1.0,22083.0,Self Enquiry,Large Business,Male,Standard,Divorced,Senior Manager
53.0,1,9.0,2,3.0,3.0,4.0,1,5,1,0.0,32584.0,Self Enquiry,Small Business,Male,Super Deluxe,Married,AVP
28.0,1,9.0,3,4.0,3.0,2.0,0,5,1,1.0,22905.0,Self Enquiry,Salaried,Female,Deluxe,Married,Manager
29.0,1,12.0,3,4.0,3.0,3.0,1,2,1,1.0,22119.0,Self Enquiry,Large Business,Male,Basic,Unmarried,Executive
36.0,1,12.0,2,1.0,3.0,4.0,0,1,0,0.0,18038.0,Self Enquiry,Salaried,Female,Basic,Married,Executive
27.0,1,10.0,2,1.0,4.0,2.0,1,4,1,0.0,21142.0,Self Enquiry,Salaried,Male,Deluxe,Married,Manager
39.0,1,17.0,4,4.0,3.0,5.0,0,3,1,3.0,28502.0,Self Enquiry,Small Business,Female,Deluxe,Divorced,Manager
36.0,1,9.0,3,4.0,4.0,7.0,0,1,0,1.0,23103.0,Company Invited,Small Business,Female,Deluxe,Unmarried,Manager
20.0,1,10.0,4,4.0,4.0,3.0,0,3,1,3.0,20161.0,Self Enquiry,Small Business,Female,Basic,Single,Executive
44.0,2,6.0,2,4.0,3.0,5.0,0,5,1,1.0,20985.0,Self Enquiry,Salaried,Female,Deluxe,Single,Manager
42.0,2,14.0,3,4.0,3.0,7.0,0,5,1,1.0,32861.0,Company Invited,Salaried,Female,Basic,Married,Executive
36.0,1,16.0,2,3.0,5.0,1.0,1,5,1,1.0,23321.0,Self Enquiry,Salaried,Male,Standard,Married,Senior Manager
21.0,3,24.0,3,3.0,3.0,1.0,1,5,0,1.0,17625.0,Company Invited,Small Business,Female,Deluxe,Married,Manager
44.0,1,9.0,4,2.0,3.0,3.0,0,1,1,3.0,21323.0,Self Enquiry,Small Business,Female,Basic,Married,Executive
28.0,3,9.0,3,4.0,5.0,2.0,0,5,1,2.0,21719.0,Self Enquiry,Small Business,Male,Basic,Married,Executive
37.0,1,6.0,2,3.0,3.0,2.0,0,2,1,1.0,17115.0,Self Enquiry,Salaried,Female,Basic,Single,Executive
35.0,3,24.0,3,3.0,5.0,2.0,0,4,1,0.0,24069.0,Company Invited,Salaried,Male,Standard,Divorced,Senior Manager
36.0,1,18.0,4,5.0,5.0,4.0,1,5,1,2.0,28562.0,Company Invited,Small Business,Male,Standard,Divorced,Senior Manager
34.0,1,16.0,2,3.0,4.0,2.0,0,1,1,1.0,17008.0,Self Enquiry,Salaried,Male,Basic,Married,Executive
44.0,3,9.0,4,4.0,3.0,3.0,1,3,0,1.0,26525.0,Self Enquiry,Small Business,Male,Deluxe,Married,Manager
26.0,2,31.0,3,3.0,3.0,2.0,0,4,1,0.0,17942.0,Self Enquiry,Salaried,Female,Basic,Divorced,Executive
36.0,3,35.0,4,5.0,3.0,2.0,0,4,1,3.0,21108.0,Self Enquiry,Salaried,Female,Basic,Married,Executive
46.0,3,8.0,2,3.0,5.0,4.0,0,2,0,1.0,33947.0,Self Enquiry,Small Business,Female,King,Single,VP
28.0,1,6.0,3,5.0,4.0,1.0,1,1,1,2.0,17216.0,Self Enquiry,Salaried,Female,Basic,Single,Executive
49.0,3,8.0,3,4.0,4.0,3.0,0,3,1,2.0,20390.0,Company Invited,Small Business,Male,Deluxe,Married,Manager
27.0,1,7.0,3,4.0,4.0,3.0,0,5,1,2.0,25075.0,Company Invited,Salaried,Female,Deluxe,Married,Manager
30.0,3,17.0,3,4.0,4.0,3.0,0,2,0,2.0,20975.0,Self Enquiry,Small Business,Male,Basic,Married,Executive
27.0,1,22.0,2,3.0,4.0,1.0,0,1,1,0.0,17811.0,Self Enquiry,Large Business,Female,Basic,Married,Executive
35.0,1,29.0,3,5.0,3.0,3.0,1,1,1,1.0,24425.0,Company Invited,Salaried,Male,Deluxe,Married,Manager
22.0,1,11.0,2,1.0,4.0,2.0,1,4,1,0.0,17328.0,Self Enquiry,Salaried,Male,Basic,Married,Executive
35.0,1,27.0,3,2.0,3.0,2.0,0,1,1,1.0,21263.0,Self Enquiry,Large Business,Female,Basic,Divorced,Executive
36.0,1,29.0,4,3.0,4.0,2.0,0,5,1,2.0,30674.0,Self Enquiry,Salaried,Female,Standard,Married,Senior Manager
58.0,1,21.0,2,3.0,3.0,3.0,1,1,1,0.0,30787.0,Company Invited,Salaried,Male,Super Deluxe,Married,AVP
27.0,2,32.0,4,4.0,3.0,3.0,0,4,1,1.0,21620.0,Self Enquiry,Salaried,Female,Basic,Divorced,Executive
33.0,1,9.0,3,4.0,4.0,2.0,0,4,0,2.0,24148.0,Self Enquiry,Small Business,Male,Deluxe,Married,Manager
38.0,3,13.0,2,1.0,5.0,2.0,1,3,1,1.0,20605.0,Self Enquiry,Small Business,Female,Deluxe,Married,Manager
28.0,3,9.0,3,2.0,3.0,2.0,0,1,0,2.0,25178.0,Self Enquiry,Small Business,Female,Deluxe,Unmarried,Manager
30.0,1,15.0,3,3.0,5.0,2.0,0,1,1,1.0,18072.0,Company Invited,Small Business,Male,Deluxe,Married,Manager
54.0,1,23.0,2,3.0,3.0,1.0,0,5,1,0.0,25739.0,Self Enquiry,Large Business,Female,Standard,Divorced,Senior Manager
26.0,3,10.0,4,4.0,5.0,3.0,1,4,0,3.0,22872.0,Self Enquiry,Salaried,Male,Deluxe,Married,Manager
18.0,3,11.0,3,3.0,4.0,2.0,1,4,1,2.0,16878.0,Company Invited,Small Business,Male,Basic,Single,Executive
32.0,1,16.0,3,5.0,5.0,2.0,1,3,1,1.0,20999.0,Company Invited,Small Business,Male,Basic,Single,Executive
27.0,3,7.0,3,4.0,3.0,3.0,0,5,1,1.0,23974.0,Self Enquiry,Salaried,Male,Deluxe,Divorced,Manager
40.0,1,26.0,3,4.0,3.0,2.0,0,5,1,1.0,22580.0,Self Enquiry,Salaried,Male,Deluxe,Married,Manager
29.0,2,23.0,2,4.0,5.0,2.0,0,3,0,0.0,22988.0,Self Enquiry,Salaried,Male,Standard,Unmarried,Senior Manager
28.0,1,10.0,4,5.0,3.0,3.0,1,2,0,3.0,21244.0,Company Invited,Small Business,Male,Basic,Married,Executive
31.0,1,29.0,3,4.0,3.0,6.0,1,1,0,1.0,20810.0,Self Enquiry,Salaried,Female,Basic,Married,Executive
32.0,3,13.0,4,2.0,3.0,6.0,0,5,1,2.0,24138.0,Self Enquiry,Small Business,Male,Deluxe,Married,Manager
38.0,3,17.0,3,5.0,3.0,4.0,1,4,1,2.0,25372.0,Self Enquiry,Salaried,Female,Deluxe,Married,Manager
32.0,1,14.0,3,5.0,3.0,3.0,0,2,1,2.0,27621.0,Company Invited,Salaried,Female,Standard,Divorced,Senior Manager
45.0,1,26.0,3,3.0,3.0,1.0,1,3,1,1.0,28496.0,Self Enquiry,Small Business,Male,Super Deluxe,Married,AVP
26.0,3,12.0,3,5.0,3.0,3.0,1,3,1,1.0,24422.0,Self Enquiry,Small Business,Male,Deluxe,Unmarried,Manager
34.0,3,17.0,3,5.0,3.0,5.0,0,3,1,1.0,23360.0,Company Invited,Small Business,Male,Deluxe,Unmarried,Manager
46.0,1,21.0,2,3.0,4.0,6.0,0,3,1,1.0,34081.0,Self Enquiry,Salaried,Male,King,Married,VP
36.0,3,6.0,3,3.0,3.0,7.0,0,1,1,1.0,21815.0,Self Enquiry,Salaried,Female,Deluxe,Unmarried,Manager
37.0,1,31.0,2,4.0,3.0,1.0,0,3,0,1.0,20731.0,Self Enquiry,Small Business,Female,Deluxe,Married,Manager
29.0,3,7.0,4,4.0,3.0,5.0,0,3,1,1.0,21587.0,Company Invited,Large Business,Male,Basic,Divorced,Executive
28.0,3,15.0,3,3.0,3.0,2.0,0,3,1,1.0,20253.0,Self Enquiry,Salaried,Male,Deluxe,Single,Manager
38.0,3,17.0,3,5.0,3.0,4.0,1,4,0,1.0,25372.0,Self Enquiry,Salaried,Female,Deluxe,Married,Manager
28.0,2,29.0,3,5.0,4.0,3.0,0,1,1,1.0,21541.0,Company Invited,Salaried,Female,Basic,Married,Executive
42.0,2,16.0,2,3.0,5.0,1.0,0,3,0,1.0,31799.0,Self Enquiry,Salaried,Female,Super Deluxe,Divorced,AVP
36.0,3,9.0,2,3.0,4.0,4.0,1,4,0,1.0,24278.0,Self Enquiry,Small Business,Female,Deluxe,Unmarried,Manager
50.0,1,26.0,2,3.0,3.0,3.0,1,4,1,1.0,26245.0,Company Invited,Small Business,Male,Super Deluxe,Married,AVP
29.0,1,31.0,3,4.0,4.0,3.0,1,1,0,1.0,21086.0,Self Enquiry,Small Business,Male,Basic,Married,Executive
45.0,3,7.0,4,4.0,3.0,2.0,0,4,1,2.0,23446.0,Company Invited,Small Business,Female,Deluxe,Divorced,Manager
22.0,3,19.0,3,2.0,4.0,3.0,0,5,0,2.0,21394.0,Self Enquiry,Salaried,Female,Basic,Unmarried,Executive
28.0,1,11.0,4,4.0,3.0,3.0,0,2,1,2.0,20996.0,Self Enquiry,Salaried,Female,Basic,Single,Executive
35.0,1,13.0,3,5.0,4.0,8.0,0,3,1,1.0,23183.0,Self Enquiry,Salaried,Female,Deluxe,Married,Manager
54.0,1,31.0,3,2.0,3.0,5.0,0,3,0,2.0,25683.0,Self Enquiry,Small Business,Male,Standard,Married,Senior Manager
33.0,1,10.0,2,3.0,4.0,6.0,0,1,0,0.0,18055.0,Company Invited,Large Business,Male,Deluxe,Married,Manager
42.0,3,7.0,3,3.0,5.0,3.0,0,3,1,2.0,27070.0,Self Enquiry,Small Business,Male,Standard,Divorced,Senior Manager
33.0,3,22.0,3,3.0,5.0,3.0,1,5,0,0.0,23564.0,Self Enquiry,Salaried,Female,Standard,Unmarried,Senior Manager
60.0,2,13.0,3,4.0,3.0,2.0,0,4,0,1.0,20945.0,Self Enquiry,Small Business,Male,Basic,Married,Executive
34.0,3,9.0,3,4.0,3.0,4.0,1,3,0,0.0,23103.0,Self Enquiry,Small Business,Female,Deluxe,Married,Manager
23.0,3,8.0,3,3.0,5.0,4.0,0,3,1,2.0,17322.0,Self Enquiry,Large Business,Male,Basic,Married,Executive
57.0,1,7.0,3,4.0,5.0,4.0,0,5,1,2.0,20744.0,Self Enquiry,Salaried,Female,Basic,Divorced,Executive
32.0,1,9.0,4,4.0,3.0,8.0,1,3,1,2.0,22400.0,Company Invited,Salaried,Male,Basic,Divorced,Executive
34.0,3,17.0,3,4.0,3.0,3.0,0,1,0,1.0,24165.0,Self Enquiry,Small Business,Male,Deluxe,Unmarried,Manager
46.0,1,9.0,4,5.0,3.0,3.0,0,3,1,1.0,20952.0,Self Enquiry,Salaried,Female,Basic,Single,Executive
39.0,1,8.0,3,3.0,3.0,1.0,0,1,1,2.0,25938.0,Company Invited,Large Business,Female,Standard,Unmarried,Senior Manager
25.0,3,10.0,3,4.0,3.0,2.0,0,4,0,1.0,23677.0,Self Enquiry,Salaried,Female,Deluxe,Married,Manager
31.0,1,16.0,3,5.0,3.0,3.0,0,4,0,2.0,20884.0,Self Enquiry,Small Business,Male,Basic,Single,Executive
20.0,1,5.0,2,4.0,3.0,2.0,0,3,0,0.0,18033.0,Self Enquiry,Salaried,Male,Basic,Single,Executive
34.0,1,6.0,3,1.0,3.0,3.0,0,2,0,0.0,18280.0,Self Enquiry,Salaried,Female,Basic,Single,Executive
34.0,3,6.0,2,3.0,3.0,2.0,0,5,1,0.0,24888.0,Self Enquiry,Small Business,Male,Standard,Unmarried,Senior Manager
48.0,1,10.0,3,4.0,3.0,1.0,0,5,1,1.0,25999.0,Self Enquiry,Salaried,Male,Standard,Unmarried,Senior Manager
30.0,1,8.0,2,4.0,3.0,6.0,1,1,1,1.0,21877.0,Self Enquiry,Small Business,Female,Deluxe,Unmarried,Manager
50.0,1,8.0,3,3.0,3.0,6.0,0,2,0,1.0,32639.0,Self Enquiry,Small Business,Male,Super Deluxe,Divorced,AVP
36.0,3,25.0,4,4.0,3.0,2.0,1,5,1,3.0,23292.0,Company Invited,Small Business,Female,Deluxe,Divorced,Manager
32.0,1,11.0,3,2.0,4.0,1.0,1,2,1,0.0,18298.0,Self Enquiry,Salaried,Male,Basic,Married,Executive
42.0,3,18.0,2,3.0,5.0,1.0,1,5,1,1.0,28758.0,Company Invited,Salaried,Male,Super Deluxe,Single,AVP
32.0,3,13.0,4,6.0,3.0,6.0,1,3,0,3.0,24850.0,Self Enquiry,Salaried,Male,Deluxe,Married,Manager
35.0,1,10.0,2,4.0,3.0,2.0,0,2,1,0.0,17376.0,Company Invited,Salaried,Male,Basic,Divorced,Executive
31.0,3,15.0,4,4.0,3.0,7.0,0,3,1,1.0,25942.0,Self Enquiry,Salaried,Male,Standard,Married,Senior Manager
30.0,1,34.0,4,4.0,3.0,6.0,0,1,0,2.0,23013.0,Self Enquiry,Small Business,Female,Deluxe,Married,Manager
51.0,1,16.0,4,4.0,3.0,6.0,0,5,1,1.0,21058.0,Self Enquiry,Salaried,Male,Basic,Divorced,Executive
37.0,1,11.0,3,5.0,3.0,3.0,0,5,1,2.0,24488.0,Self Enquiry,Salaried,Male,Deluxe,Unmarried,Manager
55.0,3,8.0,2,3.0,3.0,5.0,0,2,0,1.0,20160.0,Self Enquiry,Small Business,Male,Deluxe,Single,Manager
45.0,2,7.0,3,5.0,3.0,6.0,0,5,1,2.0,24663.0,Self Enquiry,Salaried,Female,Deluxe,Unmarried,Manager
54.0,1,25.0,3,3.0,5.0,1.0,1,3,0,0.0,20485.0,Self Enquiry,Small Business,Female,Deluxe,Married,Manager
41.0,1,12.0,3,4.0,4.0,7.0,1,3,1,0.0,21032.0,Self Enquiry,Small Business,Male,Deluxe,Single,Manager
25.0,1,25.0,3,4.0,3.0,2.0,0,4,1,1.0,21452.0,Self Enquiry,Salaried,Male,Basic,Divorced,Executive
49.0,1,7.0,4,5.0,3.0,2.0,1,5,0,1.0,24059.0,Self Enquiry,Salaried,Male,Standard,Unmarried,Senior Manager
55.0,1,14.0,4,4.0,3.0,6.0,0,3,1,2.0,25532.0,Self Enquiry,Small Business,Female,Deluxe,Married,Manager
30.0,1,30.0,3,3.0,3.0,2.0,0,2,0,1.0,17693.0,Self Enquiry,Salaried,Male,Basic,Married,Executive
34.0,3,14.0,3,3.0,5.0,6.0,0,2,1,0.0,21500.0,Self Enquiry,Salaried,Female,Deluxe,Divorced,Manager
34.0,1,11.0,3,4.0,4.0,7.0,0,1,0,1.0,21733.0,Company Invited,Large Business,Male,Deluxe,Married,Manager
54.0,3,14.0,4,5.0,3.0,2.0,1,1,0,2.0,29612.0,Self Enquiry,Small Business,Female,Standard,Married,Senior Manager
33.0,1,20.0,3,3.0,4.0,2.0,0,5,1,1.0,17756.0,Self Enquiry,Small Business,Female,Basic,Married,Executive
43.0,1,25.0,3,4.0,5.0,8.0,1,1,0,1.0,24088.0,Self Enquiry,Salaried,Male,Deluxe,Married,Manager
49.0,1,12.0,2,4.0,3.0,3.0,1,5,1,0.0,28966.0,Self Enquiry,Salaried,Female,Super Deluxe,Married,AVP
30.0,1,10.0,2,3.0,3.0,19.0,1,4,1,1.0,17285.0,Company Invited,Large Business,Male,Basic,Single,Executive
36.0,1,12.0,2,5.0,3.0,2.0,0,1,1,0.0,17741.0,Self Enquiry,Salaried,Male,Basic,Married,Executive
38.0,3,26.0,3,4.0,4.0,3.0,1,5,0,1.0,26320.0,Company Invited,Small Business,Male,Standard,Unmarried,Senior Manager
27.0,1,10.0,3,3.0,3.0,2.0,0,2,1,1.0,17318.0,Self Enquiry,Salaried,Female,Basic,Single,Executive
31.0,1,11.0,3,4.0,3.0,2.0,1,4,1,1.0,20963.0,Company Invited,Large Business,Male,Basic,Single,Executive
34.0,1,16.0,2,3.0,5.0,2.0,0,4,0,0.0,21125.0,Self Enquiry,Small Business,Male,Deluxe,Single,Manager
20.0,3,27.0,2,1.0,3.0,2.0,0,3,0,0.0,17678.0,Self Enquiry,Small Business,Male,Basic,Single,Executive
35.0,1,8.0,4,5.0,5.0,2.0,0,1,0,1.0,24021.0,Company Invited,Small Business,Male,Deluxe,Unmarried,Manager
31.0,3,36.0,4,4.0,5.0,2.0,0,1,1,1.0,22793.0,Self Enquiry,Salaried,Male,Deluxe,Married,Manager
26.0,3,26.0,3,5.0,4.0,3.0,1,1,0,2.0,21091.0,Self Enquiry,Small Business,Male,Basic,Married,Executive
32.0,1,18.0,4,4.0,5.0,3.0,1,2,0,3.0,25511.0,Self Enquiry,Small Business,Male,Deluxe,Divorced,Manager
52.0,3,8.0,3,4.0,3.0,2.0,1,2,1,2.0,34068.0,Company Invited,Salaried,Male,King,Single,VP
35.0,1,16.0,3,4.0,3.0,2.0,0,5,1,2.0,27178.0,Self Enquiry,Salaried,Male,Standard,Married,Senior Manager
37.0,1,15.0,2,3.0,3.0,2.0,1,1,0,1.0,17326.0,Company Invited,Small Business,Male,Basic,Married,Executive
40.0,1,26.0,3,3.0,3.0,5.0,0,3,1,1.0,25322.0,Self Enquiry,Large Business,Male,Standard,Married,Senior Manager
33.0,1,21.0,2,3.0,3.0,1.0,1,5,1,0.0,28610.0,Self Enquiry,Small Business,Male,Standard,Married,Senior Manager
39.0,1,13.0,2,4.0,3.0,2.0,0,5,1,0.0,34272.0,Company Invited,Small Business,Male,King,Married,VP
32.0,3,12.0,3,4.0,3.0,3.0,0,5,0,2.0,27024.0,Self Enquiry,Large Business,Male,Deluxe,Married,Manager
58.0,1,8.0,2,3.0,4.0,1.0,1,3,1,0.0,34246.0,Self Enquiry,Salaried,Male,King,Single,VP
48.0,1,6.0,3,4.0,3.0,7.0,0,3,1,0.0,33265.0,Self Enquiry,Salaried,Male,King,Single,VP
22.0,1,9.0,2,4.0,3.0,1.0,1,3,0,0.0,17853.0,Company Invited,Salaried,Male,Basic,Divorced,Executive
43.0,1,30.0,3,5.0,3.0,3.0,0,3,1,2.0,23010.0,Company Invited,Salaried,Male,Deluxe,Unmarried,Manager
45.0,1,15.0,4,2.0,3.0,4.0,1,3,1,3.0,21496.0,Self Enquiry,Salaried,Male,Basic,Divorced,Executive
48.0,3,16.0,3,6.0,3.0,2.0,0,5,1,2.0,31614.0,Company Invited,Salaried,Male,Super Deluxe,Married,AVP
45.0,1,10.0,3,4.0,5.0,6.0,0,5,1,2.0,21040.0,Self Enquiry,Salaried,Male,Basic,Divorced,Executive
30.0,1,28.0,2,3.0,3.0,5.0,1,1,0,0.0,17132.0,Self Enquiry,Salaried,Female,Basic,Married,Executive
45.0,1,6.0,3,3.0,3.0,4.0,0,5,1,0.0,17270.0,Self Enquiry,Small Business,Female,Basic,Married,Executive
43.0,3,8.0,3,3.0,3.0,2.0,0,3,1,2.0,20675.0,Company Invited,Salaried,Male,Deluxe,Married,Manager
36.0,1,9.0,4,5.0,3.0,2.0,1,3,1,1.0,23608.0,Company Invited,Small Business,Male,Basic,Unmarried,Executive
37.0,3,20.0,4,5.0,5.0,7.0,1,1,1,1.0,24812.0,Self Enquiry,Small Business,Male,Deluxe,Married,Manager
39.0,1,12.0,2,3.0,4.0,5.0,0,3,0,1.0,23376.0,Self Enquiry,Salaried,Female,Standard,Unmarried,Senior Manager
36.0,1,30.0,2,3.0,4.0,1.0,0,3,1,1.0,20674.0,Company Invited,Salaried,Female,Deluxe,Married,Manager
30.0,1,8.0,3,3.0,4.0,2.0,0,3,0,0.0,26916.0,Self Enquiry,Salaried,Male,Basic,Unmarried,Executive
37.0,1,13.0,3,6.0,3.0,3.0,0,2,0,1.0,21419.0,Self Enquiry,Salaried,Male,Basic,Married,Executive
61.0,1,7.0,4,6.0,3.0,5.0,0,5,0,1.0,29561.0,Self Enquiry,Small Business,Male,Standard,Married,Senior Manager
28.0,1,17.0,3,4.0,5.0,3.0,0,3,0,2.0,27471.0,Company Invited,Salaried,Male,Standard,Married,Senior Manager
21.0,3,16.0,3,4.0,3.0,3.0,1,4,0,1.0,21001.0,Company Invited,Small Business,Female,Basic,Single,Executive
48.0,3,8.0,2,1.0,4.0,4.0,0,3,0,1.0,23120.0,Self Enquiry,Small Business,Male,Deluxe,Married,Manager
39.0,1,19.0,3,4.0,4.0,7.0,1,3,1,2.0,32123.0,Self Enquiry,Small Business,Female,Super Deluxe,Married,AVP
46.0,1,6.0,2,3.0,3.0,1.0,0,5,1,0.0,34627.0,Self Enquiry,Small Business,Male,King,Married,VP
27.0,1,9.0,3,4.0,3.0,2.0,1,2,0,2.0,17566.0,Company Invited,Small Business,Male,Basic,Married,Executive
33.0,1,9.0,4,4.0,3.0,2.0,0,3,1,2.0,21746.0,Company Invited,Salaried,Male,Basic,Unmarried,Executive
42.0,1,14.0,3,3.0,3.0,2.0,0,5,0,1.0,33430.0,Company Invited,Salaried,Male,King,Married,VP
21.0,1,24.0,3,3.0,3.0,2.0,0,3,1,1.0,17693.0,Self Enquiry,Salaried,Female,Basic,Single,Executive
48.0,3,21.0,4,4.0,3.0,5.0,1,5,1,1.0,23269.0,Self Enquiry,Small Business,Female,Deluxe,Divorced,Manager
29.0,1,22.0,3,4.0,3.0,3.0,0,4,1,2.0,20885.0,Self Enquiry,Salaried,Male,Basic,Married,Executive
44.0,1,16.0,2,3.0,3.0,3.0,1,3,1,1.0,21465.0,Self Enquiry,Salaried,Male,Deluxe,Divorced,Manager
48.0,1,26.0,2,3.0,3.0,5.0,0,1,1,0.0,17259.0,Self Enquiry,Small Business,Male,Basic,Married,Executive
32.0,1,6.0,3,3.0,3.0,1.0,0,5,1,0.0,17314.0,Company Invited,Salaried,Male,Basic,Married,Executive
21.0,1,11.0,3,3.0,3.0,2.0,0,1,1,1.0,18117.0,Self Enquiry,Small Business,Male,Basic,Single,Executive
21.0,3,28.0,3,2.0,3.0,3.0,0,3,0,1.0,21356.0,Self Enquiry,Small Business,Male,Basic,Unmarried,Executive
37.0,1,30.0,3,2.0,3.0,6.0,0,3,0,1.0,21249.0,Company Invited,Small Business,Male,Deluxe,Married,Manager
45.0,1,17.0,3,4.0,3.0,4.0,1,3,1,2.0,25143.0,Self Enquiry,Salaried,Male,Deluxe,Divorced,Manager
29.0,1,22.0,3,4.0,3.0,3.0,0,4,0,1.0,20885.0,Self Enquiry,Salaried,Male,Basic,Married,Executive
60.0,1,10.0,4,5.0,3.0,5.0,0,3,0,2.0,20855.0,Self Enquiry,Salaried,Male,Basic,Divorced,Executive
31.0,3,32.0,3,3.0,3.0,2.0,1,3,0,1.0,20617.0,Company Invited,Small Business,Male,Deluxe,Married,Manager
31.0,1,9.0,2,3.0,5.0,2.0,1,1,0,0.0,18065.0,Company Invited,Small Business,Male,Basic,Married,Executive
39.0,3,17.0,4,4.0,3.0,3.0,0,4,0,3.0,24021.0,Self Enquiry,Salaried,Female,Deluxe,Married,Manager
32.0,1,15.0,3,3.0,3.0,2.0,1,5,1,2.0,21322.0,Self Enquiry,Salaried,Female,Deluxe,Married,Manager
55.0,3,10.0,3,4.0,5.0,4.0,0,4,1,1.0,24618.0,Self Enquiry,Small Business,Female,Deluxe,Married,Manager
32.0,1,6.0,2,3.0,3.0,2.0,1,4,1,1.0,21162.0,Self Enquiry,Small Business,Male,Deluxe,Married,Manager
36.0,1,16.0,4,5.0,3.0,3.0,1,4,1,3.0,29363.0,Self Enquiry,Salaried,Female,Standard,Married,Senior Manager
36.0,1,30.0,2,4.0,5.0,5.0,1,4,1,1.0,22692.0,Self Enquiry,Small Business,Female,Basic,Divorced,Executive
38.0,1,13.0,2,1.0,3.0,2.0,0,3,0,0.0,17610.0,Company Invited,Salaried,Male,Basic,Married,Executive
32.0,3,15.0,3,4.0,3.0,3.0,0,3,1,1.0,29471.0,Self Enquiry,Salaried,Male,Standard,Married,Senior Manager
30.0,3,12.0,3,5.0,4.0,3.0,1,5,0,1.0,22865.0,Self Enquiry,Small Business,Male,Deluxe,Married,Manager
29.0,1,9.0,3,5.0,3.0,3.0,1,4,1,1.0,22545.0,Company Invited,Salaried,Male,Basic,Divorced,Executive
36.0,1,6.0,2,3.0,4.0,1.0,0,5,0,0.0,20228.0,Self Enquiry,Salaried,Female,Deluxe,Divorced,Manager
28.0,1,12.0,3,5.0,3.0,3.0,1,3,1,2.0,31486.0,Self Enquiry,Large Business,Male,Standard,Married,Senior Manager
27.0,1,10.0,3,3.0,3.0,2.0,0,1,0,0.0,17318.0,Self Enquiry,Salaried,Female,Basic,Single,Executive
49.0,1,14.0,3,4.0,4.0,2.0,0,1,0,0.0,20130.0,Company Invited,Salaried,Male,Deluxe,Married,Manager
41.0,3,33.0,4,4.0,5.0,3.0,0,1,1,3.0,27074.0,Self Enquiry,Small Business,Male,Deluxe,Married,Manager
34.0,3,8.0,3,3.0,3.0,7.0,0,5,0,0.0,17231.0,Company Invited,Small Business,Female,Basic,Married,Executive
37.0,3,10.0,2,3.0,3.0,5.0,0,4,1,0.0,17177.0,Company Invited,Small Business,Male,Basic,Married,Executive
28.0,1,8.0,3,4.0,4.0,1.0,0,1,0,2.0,18201.0,Self Enquiry,Salaried,Male,Basic,Married,Executive
43.0,1,9.0,3,4.0,3.0,7.0,1,1,1,2.0,21193.0,Company Invited,Small Business,Male,Basic,Single,Executive
36.0,1,8.0,3,3.0,4.0,5.0,1,4,0,0.0,21962.0,Self Enquiry,Salaried,Female,Deluxe,Married,Manager
49.0,1,7.0,3,5.0,5.0,2.0,0,4,0,1.0,34080.0,Self Enquiry,Salaried,Female,Super Deluxe,Married,AVP
41.0,1,6.0,3,3.0,3.0,4.0,0,1,0,0.0,17782.0,Self Enquiry,Salaried,Male,Basic,Married,Executive
50.0,1,15.0,3,4.0,4.0,6.0,0,4,0,2.0,26081.0,Self Enquiry,Salaried,Female,Standard,Married,Senior Manager
26.0,1,12.0,3,2.0,5.0,3.0,0,5,1,2.0,22678.0,Company Invited,Salaried,Male,Deluxe,Married,Manager
32.0,2,29.0,3,6.0,3.0,3.0,0,1,0,2.0,28530.0,Self Enquiry,Salaried,Male,Basic,Married,Executive
35.0,1,22.0,3,3.0,3.0,5.0,1,1,0,0.0,22632.0,Self Enquiry,Salaried,Male,Standard,Married,Senior Manager
42.0,1,11.0,3,3.0,3.0,5.0,0,3,1,0.0,17093.0,Company Invited,Salaried,Male,Basic,Divorced,Executive
50.0,1,8.0,3,3.0,5.0,2.0,0,5,1,1.0,32924.0,Company Invited,Salaried,Male,Super Deluxe,Married,AVP
40.0,1,9.0,3,4.0,3.0,2.0,0,3,1,1.0,30847.0,Company Invited,Salaried,Male,Super Deluxe,Married,AVP
35.0,3,35.0,4,5.0,3.0,3.0,0,5,1,1.0,25390.0,Self Enquiry,Small Business,Female,Deluxe,Married,Manager
19.0,1,8.0,2,4.0,3.0,2.0,0,5,1,0.0,16102.0,Self Enquiry,Salaried,Male,Basic,Single,Executive
55.0,1,6.0,2,1.0,3.0,3.0,0,5,1,0.0,29732.0,Self Enquiry,Small Business,Male,Super Deluxe,Married,AVP
19.0,3,6.0,3,5.0,5.0,1.0,0,3,1,1.0,17325.0,Company Invited,Large Business,Female,Basic,Single,Executive
49.0,1,11.0,3,4.0,3.0,3.0,0,5,1,2.0,26576.0,Self Enquiry,Salaried,Male,Standard,Unmarried,Senior Manager
48.0,1,23.0,4,2.0,3.0,3.0,1,2,0,1.0,23745.0,Company Invited,Small Business,Male,Deluxe,Married,Manager
38.0,1,7.0,3,4.0,3.0,3.0,0,1,1,1.0,20793.0,Self Enquiry,Salaried,Female,Basic,Single,Executive
27.0,1,13.0,3,5.0,4.0,3.0,0,3,1,1.0,21046.0,Self Enquiry,Salaried,Female,Basic,Divorced,Executive
56.0,1,13.0,2,5.0,3.0,5.0,0,1,0,0.0,22260.0,Self Enquiry,Salaried,Male,Standard,Unmarried,Senior Manager
40.0,1,6.0,3,3.0,5.0,3.0,0,3,1,2.0,31823.0,Self Enquiry,Salaried,Male,Super Deluxe,Married,AVP
41.0,3,32.0,3,5.0,4.0,4.0,1,5,0,2.0,27772.0,Self Enquiry,Small Business,Male,Standard,Unmarried,Senior Manager
27.0,1,30.0,3,4.0,3.0,3.0,0,3,0,1.0,21564.0,Self Enquiry,Salaried,Female,Basic,Married,Executive
55.0,1,9.0,3,4.0,3.0,2.0,0,4,0,1.0,32227.0,Self Enquiry,Large Business,Female,Standard,Married,Senior Manager
28.0,1,30.0,3,4.0,5.0,2.0,0,2,0,0.0,23722.0,Company Invited,Large Business,Male,Standard,Unmarried,Senior Manager
34.0,3,23.0,4,4.0,5.0,7.0,0,3,1,1.0,24002.0,Self Enquiry,Small Business,Female,Deluxe,Unmarried,Manager
20.0,1,12.0,3,4.0,3.0,2.0,1,2,1,1.0,17926.0,Company Invited,Salaried,Female,Basic,Single,Executive
34.0,1,21.0,4,4.0,4.0,3.0,0,5,0,1.0,21434.0,Self Enquiry,Small Business,Female,Basic,Divorced,Executive
22.0,3,14.0,3,4.0,4.0,3.0,0,5,1,2.0,21357.0,Self Enquiry,Small Business,Male,Basic,Unmarried,Executive
34.0,3,9.0,4,4.0,3.0,3.0,0,3,1,2.0,24183.0,Self Enquiry,Small Business,Male,Deluxe,Married,Manager
23.0,1,32.0,2,3.0,3.0,2.0,0,1,0,1.0,17904.0,Self Enquiry,Salaried,Male,Basic,Married,Executive
49.0,1,7.0,3,2.0,3.0,4.0,0,2,0,1.0,35563.0,Company Invited,Small Business,Male,Super Deluxe,Single,AVP
37.0,2,9.0,4,5.0,3.0,3.0,0,3,1,1.0,22564.0,Company Invited,Salaried,Male,Deluxe,Unmarried,Manager
38.0,2,8.0,3,3.0,4.0,6.0,0,3,1,2.0,17592.0,Company Invited,Salaried,Male,Basic,Married,Executive
45.0,1,14.0,3,5.0,3.0,5.0,0,4,1,1.0,28926.0,Self Enquiry,Small Business,Female,Standard,Divorced,Senior Manager
46.0,1,8.0,2,3.0,3.0,3.0,0,1,0,0.0,22379.0,Self Enquiry,Large Business,Male,Deluxe,Married,Manager
47.0,3,9.0,2,3.0,3.0,1.0,1,5,1,0.0,28770.0,Company Invited,Small Business,Female,Super Deluxe,Married,AVP
32.0,1,8.0,3,3.0,4.0,2.0,0,4,0,0.0,17370.0,Self Enquiry,Small Business,Female,Basic,Divorced,Executive
48.0,1,23.0,4,2.0,3.0,3.0,1,1,1,1.0,23745.0,Company Invited,Small Business,Male,Deluxe,Married,Manager
20.0,1,6.0,2,4.0,4.0,2.0,0,4,1,0.0,17836.0,Self Enquiry,Salaried,Female,Basic,Single,Executive
36.0,1,32.0,4,4.0,4.0,3.0,1,3,1,2.0,20700.0,Company Invited,Salaried,Female,Basic,Married,Executive
33.0,3,14.0,2,3.0,3.0,1.0,0,1,0,0.0,22104.0,Self Enquiry,Small Business,Male,Deluxe,Married,Manager
40.0,1,8.0,2,1.0,3.0,6.0,0,3,1,0.0,21377.0,Self Enquiry,Small Business,Female,Deluxe,Married,Manager
42.0,1,8.0,2,3.0,5.0,1.0,0,3,1,0.0,32665.0,Self Enquiry,Small Business,Male,Super Deluxe,Married,AVP
33.0,3,8.0,3,3.0,4.0,1.0,0,1,0,0.0,20147.0,Company Invited,Small Business,Female,Deluxe,Single,Manager
31.0,3,13.0,3,3.0,3.0,5.0,0,1,0,0.0,22547.0,Self Enquiry,Small Business,Male,Deluxe,Married,Manager
27.0,3,26.0,2,3.0,3.0,2.0,0,2,1,1.0,24981.0,Company Invited,Salaried,Female,Deluxe,Unmarried,Manager
35.0,1,6.0,2,4.0,3.0,1.0,0,1,1,1.0,20363.0,Self Enquiry,Small Business,Female,Deluxe,Divorced,Manager
41.0,1,31.0,4,4.0,3.0,3.0,0,3,1,2.0,21997.0,Self Enquiry,Large Business,Male,Deluxe,Married,Manager
42.0,1,13.0,3,1.0,4.0,7.0,1,1,0,0.0,17372.0,Self Enquiry,Small Business,Female,Deluxe,Divorced,Manager
40.0,1,16.0,2,2.0,3.0,4.0,1,3,0,1.0,17213.0,Self Enquiry,Salaried,Female,Basic,Divorced,Executive
52.0,3,11.0,3,3.0,4.0,1.0,1,4,1,1.0,23446.0,Self Enquiry,Salaried,Male,Standard,Unmarried,Senior Manager
47.0,3,7.0,4,4.0,5.0,3.0,0,1,1,3.0,29131.0,Self Enquiry,Small Business,Female,Standard,Married,Senior Manager
44.0,1,7.0,3,4.0,3.0,6.0,0,1,1,2.0,24240.0,Company Invited,Salaried,Female,Deluxe,Married,Manager
27.0,3,30.0,3,5.0,3.0,2.0,1,1,0,1.0,22835.0,Self Enquiry,Small Business,Female,Deluxe,Married,Manager
32.0,1,19.0,4,4.0,3.0,2.0,1,4,1,2.0,22607.0,Self Enquiry,Small Business,Female,Basic,Married,Executive
39.0,3,7.0,3,5.0,3.0,6.0,0,2,1,2.0,27364.0,Self Enquiry,Salaried,Female,Deluxe,Unmarried,Manager
32.0,1,8.0,3,3.0,3.0,1.0,0,3,1,1.0,18068.0,Company Invited,Salaried,Male,Basic,Single,Executive
27.0,1,20.0,2,3.0,5.0,2.0,1,4,1,0.0,17235.0,Self Enquiry,Salaried,Male,Basic,Married,Executive
45.0,3,7.0,4,4.0,5.0,7.0,1,1,1,2.0,24132.0,Self Enquiry,Small Business,Female,Deluxe,Married,Manager
31.0,3,12.0,3,4.0,3.0,4.0,0,4,1,2.0,28097.0,Self Enquiry,Salaried,Female,Standard,Divorced,Senior Manager
51.0,1,14.0,2,5.0,3.0,3.0,0,2,0,1.0,25650.0,Company Invited,Salaried,Male,Standard,Unmarried,Senior Manager
21.0,3,18.0,2,2.0,4.0,2.0,0,5,0,1.0,17716.0,Self Enquiry,Salaried,Female,Basic,Single,Executive
25.0,3,10.0,3,4.0,3.0,2.0,0,4,1,1.0,23677.0,Self Enquiry,Salaried,Female,Deluxe,Divorced,Manager
34.0,3,15.0,3,4.0,3.0,2.0,0,2,1,2.0,25782.0,Self Enquiry,Small Business,Male,Deluxe,Married,Manager
52.0,1,17.0,2,3.0,3.0,1.0,0,2,1,1.0,18149.0,Self Enquiry,Salaried,Female,Deluxe,Divorced,Manager
36.0,3,7.0,4,4.0,4.0,3.0,0,4,1,3.0,25973.0,Self Enquiry,Small Business,Male,Standard,Divorced,Senior Manager
30.0,1,34.0,3,3.0,3.0,2.0,0,3,0,2.0,20775.0,Self Enquiry,Small Business,Female,Deluxe,Divorced,Manager
50.0,3,18.0,3,3.0,3.0,5.0,0,5,1,2.0,24208.0,Company Invited,Small Business,Female,Standard,Unmarried,Senior Manager
54.0,3,13.0,3,4.0,3.0,4.0,1,5,0,1.0,20984.0,Self Enquiry,Small Business,Male,Deluxe,Divorced,Manager
31.0,1,16.0,4,4.0,5.0,3.0,0,2,0,2.0,21750.0,Company Invited,Small Business,Male,Deluxe,Married,Manager
41.0,3,15.0,3,3.0,3.0,4.0,1,2,0,1.0,23189.0,Self Enquiry,Salaried,Male,Standard,Married,Senior Manager
34.0,1,15.0,3,2.0,5.0,8.0,0,3,1,2.0,21821.0,Self Enquiry,Salaried,Male,Basic,Married,Executive
18.0,1,14.0,3,3.0,3.0,2.0,0,5,0,0.0,16904.0,Company Invited,Small Business,Male,Basic,Single,Executive
30.0,1,7.0,3,4.0,3.0,3.0,0,3,0,1.0,22997.0,Company Invited,Large Business,Male,Deluxe,Married,Manager
48.0,1,6.0,2,4.0,5.0,1.0,0,4,0,0.0,30402.0,Self Enquiry,Salaried,Female,Super Deluxe,Married,AVP
52.0,1,10.0,1,3.0,3.0,3.0,0,5,1,0.0,31555.0,Self Enquiry,Salaried,Female,Super Deluxe,Married,AVP
57.0,1,16.0,4,4.0,3.0,4.0,0,1,1,1.0,21620.0,Company Invited,Small Business,Female,Basic,Married,Executive
53.0,3,12.0,2,3.0,3.0,3.0,1,5,0,0.0,17306.0,Self Enquiry,Small Business,Male,Deluxe,Divorced,Manager
38.0,1,35.0,2,3.0,3.0,2.0,0,3,1,0.0,17406.0,Company Invited,Salaried,Female,Deluxe,Single,Manager
46.0,1,30.0,3,4.0,5.0,3.0,1,1,1,1.0,22311.0,Company Invited,Salaried,Male,Deluxe,Married,Manager
38.0,1,16.0,3,3.0,3.0,1.0,0,5,0,0.0,17684.0,Company Invited,Small Business,Male,Basic,Married,Executive
33.0,1,7.0,4,5.0,4.0,8.0,0,3,1,1.0,21010.0,Company Invited,Salaried,Female,Basic,Divorced,Executive
45.0,1,30.0,4,4.0,4.0,6.0,0,3,0,2.0,20720.0,Company Invited,Small Business,Male,Deluxe,Married,Manager
44.0,1,15.0,4,4.0,3.0,6.0,1,1,1,1.0,23200.0,Self Enquiry,Salaried,Female,Deluxe,Married,Manager
41.0,3,6.0,3,3.0,3.0,1.0,1,2,1,0.0,20993.0,Self Enquiry,Salaried,Female,Deluxe,Single,Manager
34.0,3,15.0,3,5.0,3.0,2.0,0,1,0,2.0,21020.0,Company Invited,Salaried,Female,Basic,Single,Executive
39.0,1,15.0,2,3.0,3.0,3.0,0,4,0,1.0,34431.0,Company Invited,Salaried,Male,King,Single,VP
60.0,3,32.0,5,4.0,5.0,2.0,0,3,1,2.0,26315.0,Self Enquiry,Salaried,Female,Standard,Unmarried,Senior Manager
32.0,1,10.0,3,4.0,3.0,2.0,0,4,1,1.0,21162.0,Self Enquiry,Salaried,Female,Deluxe,Married,Manager
39.0,1,31.0,3,3.0,3.0,4.0,0,1,0,0.0,25920.0,Company Invited,Salaried,Male,Standard,Divorced,Senior Manager
51.0,1,13.0,2,4.0,3.0,3.0,0,3,1,1.0,21132.0,Self Enquiry,Small Business,Male,Deluxe,Married,Manager
30.0,3,17.0,4,4.0,3.0,3.0,0,4,1,1.0,21320.0,Self Enquiry,Salaried,Male,Basic,Unmarried,Executive
55.0,3,15.0,2,5.0,4.0,2.0,0,1,1,1.0,34187.0,Self Enquiry,Small Business,Female,Basic,Single,Executive
32.0,1,19.0,3,4.0,4.0,2.0,0,5,1,0.0,17743.0,Company Invited,Salaried,Female,Basic,Married,Executive
29.0,1,8.0,4,5.0,5.0,8.0,0,3,1,2.0,20758.0,Self Enquiry,Large Business,Male,Basic,Single,Executive
34.0,3,8.0,2,3.0,3.0,2.0,0,5,0,1.0,21274.0,Self Enquiry,Salaried,Male,Deluxe,Single,Manager
27.0,3,7.0,3,5.0,5.0,3.0,0,3,1,2.0,22972.0,Company Invited,Small Business,Male,Deluxe,Unmarried,Manager
54.0,3,8.0,2,4.0,3.0,7.0,0,5,1,0.0,25686.0,Self Enquiry,Salaried,Female,Standard,Divorced,Senior Manager
